[  {"name":"adaptor","imports":["edu.berkeley.chukwa_xtrace.CausalGraph","edu.berkeley.chukwa_xtrace.XtrAdaptor","org.apache.hadoop.chukwa.ChukwaArchiveKey","org.apache.hadoop.chukwa.ChunkImpl","org.apache.hadoop.chukwa.analysis.salsa.fsm.DataNodeClientTraceMapper","org.apache.hadoop.chukwa.analysis.salsa.fsm.FSMBuilder","org.apache.hadoop.chukwa.analysis.salsa.fsm.JobHistoryTaskDataMapper","org.apache.hadoop.chukwa.analysis.salsa.fsm.TaskTrackerClientTraceMapper","org.apache.hadoop.chukwa.analysis.salsa.visualization.Heatmap","org.apache.hadoop.chukwa.analysis.salsa.visualization.Swimlanes","org.apache.hadoop.chukwa.database.DatabaseConfig","org.apache.hadoop.chukwa.database.Macro","org.apache.hadoop.chukwa.database.TestDatabaseWebJson","org.apache.hadoop.chukwa.datacollection.adaptor.AbstractAdaptor","org.apache.hadoop.chukwa.datacollection.adaptor.AbstractWrapper","org.apache.hadoop.chukwa.datacollection.adaptor.Adaptor","org.apache.hadoop.chukwa.datacollection.adaptor.ExecAdaptor","org.apache.hadoop.chukwa.datacollection.adaptor.FileAdaptor","org.apache.hadoop.chukwa.datacollection.adaptor.MemBuffered","org.apache.hadoop.chukwa.datacollection.adaptor.TestBufferingWrappers","org.apache.hadoop.chukwa.datacollection.adaptor.UDPAdaptor","org.apache.hadoop.chukwa.datacollection.adaptor.WriteaheadBuffered","org.apache.hadoop.chukwa.datacollection.adaptor.filetailer.CharFileTailingAdaptorUTF8","org.apache.hadoop.chukwa.datacollection.adaptor.filetailer.CharFileTailingAdaptorUTF8NewLineEscaped","org.apache.hadoop.chukwa.datacollection.adaptor.filetailer.LWFTAdaptor","org.apache.hadoop.chukwa.datacollection.agent.AdaptorFactory","org.apache.hadoop.chukwa.datacollection.agent.AdaptorManager","org.apache.hadoop.chukwa.datacollection.agent.AdaptorResetThread","org.apache.hadoop.chukwa.datacollection.agent.AgentControlSocketListener","org.apache.hadoop.chukwa.datacollection.agent.ChukwaAgent","org.apache.hadoop.chukwa.datacollection.agent.TestCmd","org.apache.hadoop.chukwa.datacollection.collector.TestDelayedAcks","org.apache.hadoop.chukwa.datacollection.collector.servlet.CommitCheckServlet","org.apache.hadoop.chukwa.datacollection.collector.servlet.ServletDiagnostics","org.apache.hadoop.chukwa.datacollection.controller.ChukwaAgentController","org.apache.hadoop.chukwa.datacollection.sender.AsyncAckSender","org.apache.hadoop.chukwa.datacollection.sender.ChukwaHttpSender","org.apache.hadoop.chukwa.datacollection.writer.SeqFileWriter","org.apache.hadoop.chukwa.extraction.CHUKWA_CONSTANT","org.apache.hadoop.chukwa.extraction.archive.ChukwaArchiveManager","org.apache.hadoop.chukwa.extraction.demux.DemuxManager","org.apache.hadoop.chukwa.extraction.demux.PostProcessorManager","org.apache.hadoop.chukwa.extraction.demux.processor.mapper.JobLog","org.apache.hadoop.chukwa.extraction.engine.ChukwaRecordJT","org.apache.hadoop.chukwa.extraction.engine.datasource.record.ChukwaRecordDataSource","org.apache.hadoop.chukwa.hicc.TimeHandler","org.apache.hadoop.chukwa.inputtools.log4j.ChukwaDailyRollingFileAppender","org.apache.hadoop.chukwa.inputtools.mdl.TorqueInfoProcessor","org.apache.hadoop.chukwa.rest.objects.MrJob","org.apache.hadoop.chukwa.rest.objects.MrTask","org.apache.hadoop.chukwa.rest.services.RestHome","org.apache.hadoop.chukwa.util.ConstRateAdaptor","org.apache.hadoop.chukwa.util.DumpChunks","org.apache.hadoop.chukwa.util.MaxRateSender","org.apache.hadoop.metrics.spi.AbstractMetricsContext"]},{"name":"bean","imports":["org.apache.hadoop.chukwa.analysis.salsa.fsm.FSMIntermedEntry","org.apache.hadoop.chukwa.rest.bean.ParametersBean","org.apache.hadoop.chukwa.rest.bean.ReturnCodeBean","org.apache.hadoop.chukwa.rest.bean.WidgetBean","org.apache.hadoop.chukwa.rest.objects.MrJobConf"]},{"name":"graphics","imports":["edu.berkeley.chukwa_xtrace.XtrExtract","org.apache.hadoop.chukwa.ChukwaStorage","org.apache.hadoop.chukwa.database.TestDatabaseIostat","org.apache.hadoop.chukwa.dataloader.FSMDataLoader","org.apache.hadoop.chukwa.extraction.archive.ChukwaArchiveBuilder","org.apache.hadoop.chukwa.extraction.demux.DailyChukwaRecordRolling","org.apache.hadoop.chukwa.extraction.demux.Demux","org.apache.hadoop.chukwa.extraction.demux.HourlyChukwaRecordRolling","org.apache.hadoop.chukwa.hicc.HiccWebServer","org.apache.hadoop.chukwa.hicc.ImageSlicer","org.apache.hadoop.chukwa.rest.bean.PagesBean","org.apache.hadoop.chukwa.rest.resource.SetupTestEnv"]},{"name":"io","imports":["org.apache.hadoop.chukwa.analysis.salsa.fsm.TestFSMBuilder","org.apache.hadoop.chukwa.datacollection.adaptor.TestDirTailingAdaptor","org.apache.hadoop.chukwa.datacollection.adaptor.filetailer.FileTailingAdaptor","org.apache.hadoop.chukwa.datacollection.adaptor.filetailer.RCheckFTAdaptor","org.apache.hadoop.chukwa.datacollection.adaptor.filetailer.TestRCheckAdaptor","org.apache.hadoop.chukwa.datacollection.agent.TestAgentConfig","org.apache.hadoop.chukwa.datacollection.writer.TestChukwaWriters","org.apache.hadoop.chukwa.extraction.demux.TestDemuxManager","org.apache.hadoop.chukwa.hicc.Workspace","org.apache.hadoop.chukwa.inputtools.mdl.LoaderServer","org.apache.hadoop.chukwa.tools.backfilling.TestBackfillingLoader","org.apache.hadoop.chukwa.util.CreateRecordFile","org.apache.hadoop.chukwa.util.PidFile","org.apache.hadoop.chukwa.util.TempFileUtil","org.apache.hadoop.chukwa.validationframework.ChukwaAgentToCollectorValidator","org.apache.hadoop.chukwa.validationframework.util.DataOperations","org.apache.hadoop.chukwa.validationframework.util.MD5"]},{"name":"no_match","imports":["edu.berkeley.chukwa_xtrace.TestXtrAdaptor","org.apache.hadoop.chukwa.ChukwaArchive","org.apache.hadoop.chukwa.Chunk","org.apache.hadoop.chukwa.ChunkBuilder","org.apache.hadoop.chukwa.ChunkImplTest","org.apache.hadoop.chukwa.PARSEDOUBLE","org.apache.hadoop.chukwa.PigTest","org.apache.hadoop.chukwa.RecordMerger","org.apache.hadoop.chukwa.TestArchiveReader","org.apache.hadoop.chukwa.TestChunkBuilder","org.apache.hadoop.chukwa.TestLocalChukwaStorage","org.apache.hadoop.chukwa.TestParseDouble","org.apache.hadoop.chukwa.TestRecordMerger","org.apache.hadoop.chukwa.TestTimePartition","org.apache.hadoop.chukwa.TimePartition","org.apache.hadoop.chukwa.analysis.salsa.fsm.FSMIntermedEntryPartitioner","org.apache.hadoop.chukwa.analysis.salsa.fsm.FSMType","org.apache.hadoop.chukwa.analysis.salsa.fsm.HDFSState","org.apache.hadoop.chukwa.analysis.salsa.fsm.MapRedState","org.apache.hadoop.chukwa.analysis.salsa.fsm.ParseUtilities","org.apache.hadoop.chukwa.analysis.salsa.fsm.StateType","org.apache.hadoop.chukwa.conf.ChukwaConfiguration","org.apache.hadoop.chukwa.database.Aggregator","org.apache.hadoop.chukwa.database.DataExpiration","org.apache.hadoop.chukwa.database.DatabaseSetup","org.apache.hadoop.chukwa.database.MetricsAggregation","org.apache.hadoop.chukwa.database.TableCreator","org.apache.hadoop.chukwa.database.TestDatabaseAggregator","org.apache.hadoop.chukwa.database.TestDatabaseDataExpiration","org.apache.hadoop.chukwa.database.TestDatabasePrepareStatement","org.apache.hadoop.chukwa.database.TestDatabaseTableCreator","org.apache.hadoop.chukwa.database.TestMacro","org.apache.hadoop.chukwa.datacollection.ChunkQueue","org.apache.hadoop.chukwa.datacollection.ChunkReceiver","org.apache.hadoop.chukwa.datacollection.DataFactory","org.apache.hadoop.chukwa.datacollection.adaptor.AdaptorException","org.apache.hadoop.chukwa.datacollection.adaptor.AdaptorShutdownPolicy","org.apache.hadoop.chukwa.datacollection.adaptor.ChukwaTestAdaptor","org.apache.hadoop.chukwa.datacollection.adaptor.DirTailingAdaptor","org.apache.hadoop.chukwa.datacollection.adaptor.NotifyOnCommitAdaptor","org.apache.hadoop.chukwa.datacollection.adaptor.TestExecAdaptor","org.apache.hadoop.chukwa.datacollection.adaptor.TestFileAdaptor","org.apache.hadoop.chukwa.datacollection.adaptor.TestUDPAdaptor","org.apache.hadoop.chukwa.datacollection.adaptor.filetailer.FileTailer","org.apache.hadoop.chukwa.datacollection.adaptor.filetailer.TerminatorThread","org.apache.hadoop.chukwa.datacollection.adaptor.filetailer.TestCharFileTailingAdaptorUTF8","org.apache.hadoop.chukwa.datacollection.adaptor.filetailer.TestFileExpirationPolicy","org.apache.hadoop.chukwa.datacollection.adaptor.filetailer.TestFileTailingAdaptorBigRecord","org.apache.hadoop.chukwa.datacollection.adaptor.filetailer.TestFileTailingAdaptors","org.apache.hadoop.chukwa.datacollection.adaptor.filetailer.TestLogRotate","org.apache.hadoop.chukwa.datacollection.adaptor.filetailer.TestRawAdaptor","org.apache.hadoop.chukwa.datacollection.adaptor.filetailer.TestStartAtOffset","org.apache.hadoop.chukwa.datacollection.agent.MemLimitQueue","org.apache.hadoop.chukwa.datacollection.agent.TestAgent","org.apache.hadoop.chukwa.datacollection.agent.WaitingQueue","org.apache.hadoop.chukwa.datacollection.agent.metrics.AgentActivityMBean","org.apache.hadoop.chukwa.datacollection.agent.metrics.AgentMetrics","org.apache.hadoop.chukwa.datacollection.agent.metrics.ChunkQueueActivityMBean","org.apache.hadoop.chukwa.datacollection.agent.metrics.ChunkQueueMetrics","org.apache.hadoop.chukwa.datacollection.collector.CaptureWriter","org.apache.hadoop.chukwa.datacollection.collector.CollectorStub","org.apache.hadoop.chukwa.datacollection.collector.TestAdaptorTimeout","org.apache.hadoop.chukwa.datacollection.collector.TestBackpressure","org.apache.hadoop.chukwa.datacollection.collector.TestCollector","org.apache.hadoop.chukwa.datacollection.collector.TestFailedCollectorAck","org.apache.hadoop.chukwa.datacollection.collector.servlet.LogDisplayServlet","org.apache.hadoop.chukwa.datacollection.collector.servlet.ServletCollector","org.apache.hadoop.chukwa.datacollection.connector.ChunkCatcherConnector","org.apache.hadoop.chukwa.datacollection.connector.Connector","org.apache.hadoop.chukwa.datacollection.connector.TestFailedCollector","org.apache.hadoop.chukwa.datacollection.connector.http.HttpConnector","org.apache.hadoop.chukwa.datacollection.controller.ClientFinalizer","org.apache.hadoop.chukwa.datacollection.controller.TestAgentClient","org.apache.hadoop.chukwa.datacollection.sender.ChukwaSender","org.apache.hadoop.chukwa.datacollection.sender.RetryListOfCollectors","org.apache.hadoop.chukwa.datacollection.sender.TestAcksOnFailure","org.apache.hadoop.chukwa.datacollection.sender.TestRetryListOfCollectors","org.apache.hadoop.chukwa.datacollection.sender.metrics.HttpSenderActivityMBean","org.apache.hadoop.chukwa.datacollection.sender.metrics.HttpSenderMetrics","org.apache.hadoop.chukwa.datacollection.test.ConsoleOutConnector","org.apache.hadoop.chukwa.datacollection.test.FilePerPostWriter","org.apache.hadoop.chukwa.datacollection.test.FileTailerStressTest","org.apache.hadoop.chukwa.datacollection.test.SinkFileValidator","org.apache.hadoop.chukwa.datacollection.writer.ChukwaWriter","org.apache.hadoop.chukwa.datacollection.writer.ClientAck","org.apache.hadoop.chukwa.datacollection.writer.ConsoleWriter","org.apache.hadoop.chukwa.datacollection.writer.Dedup","org.apache.hadoop.chukwa.datacollection.writer.ExtractorWriter","org.apache.hadoop.chukwa.datacollection.writer.InMemoryWriter","org.apache.hadoop.chukwa.datacollection.writer.NullWriter","org.apache.hadoop.chukwa.datacollection.writer.PipelineStageWriter","org.apache.hadoop.chukwa.datacollection.writer.PipelineableWriter","org.apache.hadoop.chukwa.datacollection.writer.SocketTeeWriter","org.apache.hadoop.chukwa.datacollection.writer.TestClientAck","org.apache.hadoop.chukwa.datacollection.writer.TestSocketTee","org.apache.hadoop.chukwa.datacollection.writer.WriterException","org.apache.hadoop.chukwa.datacollection.writer.localfs.LocalToRemoteHdfsMover","org.apache.hadoop.chukwa.datacollection.writer.localfs.LocalWriter","org.apache.hadoop.chukwa.dataloader.DataLoaderFactory","org.apache.hadoop.chukwa.dataloader.MetricDataLoader","org.apache.hadoop.chukwa.dataloader.MetricDataLoaderPool","org.apache.hadoop.chukwa.dataloader.SocketDataLoader","org.apache.hadoop.chukwa.dataloader.TestDatabaseMetricDataLoader","org.apache.hadoop.chukwa.dataloader.TestSocketDataLoader","org.apache.hadoop.chukwa.datastore.UserStore","org.apache.hadoop.chukwa.datastore.ViewStore","org.apache.hadoop.chukwa.datastore.WidgetStore","org.apache.hadoop.chukwa.extraction.archive.ChukwaArchiveDailyOutputFormat","org.apache.hadoop.chukwa.extraction.archive.ChukwaArchiveDailyPartitioner","org.apache.hadoop.chukwa.extraction.archive.ChukwaArchiveDataTypeOutputFormat","org.apache.hadoop.chukwa.extraction.archive.ChukwaArchiveDataTypePartitioner","org.apache.hadoop.chukwa.extraction.archive.ChukwaArchiveHourlyOutputFormat","org.apache.hadoop.chukwa.extraction.archive.ChukwaArchiveHourlyPartitioner","org.apache.hadoop.chukwa.extraction.archive.ChukwaArchiveStreamNameOutputFormat","org.apache.hadoop.chukwa.extraction.archive.ChukwaArchiveStreamNamePartitioner","org.apache.hadoop.chukwa.extraction.archive.SinkArchiver","org.apache.hadoop.chukwa.extraction.archive.TestArchive","org.apache.hadoop.chukwa.extraction.demux.ChukwaRecordOutputFormat","org.apache.hadoop.chukwa.extraction.demux.ChukwaRecordPartitioner","org.apache.hadoop.chukwa.extraction.demux.MoveOrMergeRecordFile","org.apache.hadoop.chukwa.extraction.demux.MoveToRepository","org.apache.hadoop.chukwa.extraction.demux.RecordMerger","org.apache.hadoop.chukwa.extraction.demux.TaggerPlugin","org.apache.hadoop.chukwa.extraction.demux.TestDemux","org.apache.hadoop.chukwa.extraction.demux.processor.ChukwaOutputCollector","org.apache.hadoop.chukwa.extraction.demux.processor.Util","org.apache.hadoop.chukwa.extraction.demux.processor.mapper.AbstractProcessor","org.apache.hadoop.chukwa.extraction.demux.processor.mapper.ChukwaTestOutputCollector","org.apache.hadoop.chukwa.extraction.demux.processor.mapper.ChunkProcessor","org.apache.hadoop.chukwa.extraction.demux.processor.mapper.ChunkSaver","org.apache.hadoop.chukwa.extraction.demux.processor.mapper.ClientTraceProcessor","org.apache.hadoop.chukwa.extraction.demux.processor.mapper.DFInvalidRecord","org.apache.hadoop.chukwa.extraction.demux.processor.mapper.DebugOutputProcessor","org.apache.hadoop.chukwa.extraction.demux.processor.mapper.DefaultProcessor","org.apache.hadoop.chukwa.extraction.demux.processor.mapper.Df","org.apache.hadoop.chukwa.extraction.demux.processor.mapper.DuplicateProcessorException","org.apache.hadoop.chukwa.extraction.demux.processor.mapper.HadoopLogProcessor","org.apache.hadoop.chukwa.extraction.demux.processor.mapper.HadoopMetricsProcessor","org.apache.hadoop.chukwa.extraction.demux.processor.mapper.Iostat","org.apache.hadoop.chukwa.extraction.demux.processor.mapper.JPluginMapper","org.apache.hadoop.chukwa.extraction.demux.processor.mapper.JobConfProcessor","org.apache.hadoop.chukwa.extraction.demux.processor.mapper.JobLogHistoryProcessor","org.apache.hadoop.chukwa.extraction.demux.processor.mapper.Log4JMetricsContextProcessor","org.apache.hadoop.chukwa.extraction.demux.processor.mapper.Log4jJobHistoryProcessor","org.apache.hadoop.chukwa.extraction.demux.processor.mapper.LogEntry","org.apache.hadoop.chukwa.extraction.demux.processor.mapper.MapProcessor","org.apache.hadoop.chukwa.extraction.demux.processor.mapper.MapProcessorFactory","org.apache.hadoop.chukwa.extraction.demux.processor.mapper.PbsInvalidEntry","org.apache.hadoop.chukwa.extraction.demux.processor.mapper.PbsNodes","org.apache.hadoop.chukwa.extraction.demux.processor.mapper.ProcessorFactory","org.apache.hadoop.chukwa.extraction.demux.processor.mapper.Ps","org.apache.hadoop.chukwa.extraction.demux.processor.mapper.Sar","org.apache.hadoop.chukwa.extraction.demux.processor.mapper.SysLog","org.apache.hadoop.chukwa.extraction.demux.processor.mapper.TestAbtractProcessor","org.apache.hadoop.chukwa.extraction.demux.processor.mapper.TestHadoopLogProcessor","org.apache.hadoop.chukwa.extraction.demux.processor.mapper.TestJobLogEntry","org.apache.hadoop.chukwa.extraction.demux.processor.mapper.TestLog4JMetricsContextChukwaRecord","org.apache.hadoop.chukwa.extraction.demux.processor.mapper.TestPsOutput","org.apache.hadoop.chukwa.extraction.demux.processor.mapper.Top","org.apache.hadoop.chukwa.extraction.demux.processor.mapper.Torque","org.apache.hadoop.chukwa.extraction.demux.processor.mapper.TsProcessor","org.apache.hadoop.chukwa.extraction.demux.processor.mapper.UnknownRecordTypeException","org.apache.hadoop.chukwa.extraction.demux.processor.mapper.YWatch","org.apache.hadoop.chukwa.extraction.demux.processor.mapper.YwatchInvalidEntry","org.apache.hadoop.chukwa.extraction.demux.processor.reducer.ClientTrace","org.apache.hadoop.chukwa.extraction.demux.processor.reducer.DuplicateReduceProcessorException","org.apache.hadoop.chukwa.extraction.demux.processor.reducer.IdentityReducer","org.apache.hadoop.chukwa.extraction.demux.processor.reducer.JobLogHistoryReduceProcessor","org.apache.hadoop.chukwa.extraction.demux.processor.reducer.MRJobReduceProcessor","org.apache.hadoop.chukwa.extraction.demux.processor.reducer.ReduceProcessor","org.apache.hadoop.chukwa.extraction.demux.processor.reducer.ReduceProcessorFactory","org.apache.hadoop.chukwa.extraction.demux.processor.reducer.SystemMetrics","org.apache.hadoop.chukwa.extraction.demux.processor.reducer.UnknownReduceTypeException","org.apache.hadoop.chukwa.extraction.engine.ChukwaRecord","org.apache.hadoop.chukwa.extraction.engine.ChukwaRecordKey","org.apache.hadoop.chukwa.extraction.engine.ChukwaSearchResult","org.apache.hadoop.chukwa.extraction.engine.ChukwaSearchService","org.apache.hadoop.chukwa.extraction.engine.Record","org.apache.hadoop.chukwa.extraction.engine.RecordUtil","org.apache.hadoop.chukwa.extraction.engine.SearchResult","org.apache.hadoop.chukwa.extraction.engine.SearchService","org.apache.hadoop.chukwa.extraction.engine.Token","org.apache.hadoop.chukwa.extraction.engine.datasource.DataSource","org.apache.hadoop.chukwa.extraction.engine.datasource.DataSourceException","org.apache.hadoop.chukwa.extraction.engine.datasource.DataSourceFactory","org.apache.hadoop.chukwa.extraction.engine.datasource.DsDirectory","org.apache.hadoop.chukwa.extraction.engine.datasource.database.DatabaseDS","org.apache.hadoop.chukwa.extraction.engine.datasource.record.ChukwaDSInternalResult","org.apache.hadoop.chukwa.extraction.engine.datasource.record.ChukwaFileParser","org.apache.hadoop.chukwa.extraction.engine.datasource.record.ChukwaSequenceFileParser","org.apache.hadoop.chukwa.extraction.engine.datasource.record.MalformedFileFormat","org.apache.hadoop.chukwa.extraction.engine.datasource.record.RecordDS","org.apache.hadoop.chukwa.hicc.AreaCalculator","org.apache.hadoop.chukwa.hicc.AreaCalculatorTest","org.apache.hadoop.chukwa.hicc.Chart","org.apache.hadoop.chukwa.hicc.ClusterConfig","org.apache.hadoop.chukwa.hicc.ColorPicker","org.apache.hadoop.chukwa.hicc.Config","org.apache.hadoop.chukwa.hicc.DatasetMapper","org.apache.hadoop.chukwa.hicc.Iframe","org.apache.hadoop.chukwa.hicc.JSONLoader","org.apache.hadoop.chukwa.hicc.OfflineTimeHandler","org.apache.hadoop.chukwa.hicc.TestChart","org.apache.hadoop.chukwa.hicc.Views","org.apache.hadoop.chukwa.hicc.ViewsTag","org.apache.hadoop.chukwa.inputtools.ChukwaInputFormat","org.apache.hadoop.chukwa.inputtools.ChukwaTTInstru","org.apache.hadoop.chukwa.inputtools.TestInputFormat","org.apache.hadoop.chukwa.inputtools.hdfsusage.Employee","org.apache.hadoop.chukwa.inputtools.hdfsusage.HDFSUsageMetrics","org.apache.hadoop.chukwa.inputtools.hdfsusage.HDFSUsageMetricsList","org.apache.hadoop.chukwa.inputtools.hdfsusage.HDFSUsagePlugin","org.apache.hadoop.chukwa.inputtools.hdfsusage.HDFSUsagePluginTest","org.apache.hadoop.chukwa.inputtools.hdfsusage.OrgChart","org.apache.hadoop.chukwa.inputtools.jplugin.ChukwaMetrics","org.apache.hadoop.chukwa.inputtools.jplugin.ChukwaMetricsList","org.apache.hadoop.chukwa.inputtools.jplugin.GenericChukwaMetricsList","org.apache.hadoop.chukwa.inputtools.jplugin.JPlugin","org.apache.hadoop.chukwa.inputtools.jplugin.JPluginAgent","org.apache.hadoop.chukwa.inputtools.jplugin.JPluginStatusMetricsList","org.apache.hadoop.chukwa.inputtools.log4j.Log4JMetricsContext","org.apache.hadoop.chukwa.inputtools.log4j.OneLineLogLayout","org.apache.hadoop.chukwa.inputtools.log4j.TaskLogAppender","org.apache.hadoop.chukwa.inputtools.log4j.TestChukwaDailyRollingFileAppender","org.apache.hadoop.chukwa.inputtools.log4j.TestTaskLogAppender","org.apache.hadoop.chukwa.inputtools.mdl.DataConfig","org.apache.hadoop.chukwa.inputtools.mdl.ErStreamHandler","org.apache.hadoop.chukwa.inputtools.mdl.TorqueDataLoader","org.apache.hadoop.chukwa.inputtools.mdl.TorqueTimerTask","org.apache.hadoop.chukwa.inputtools.plugin.ExecPlugin","org.apache.hadoop.chukwa.inputtools.plugin.IPlugin","org.apache.hadoop.chukwa.inputtools.plugin.metrics.Exec","org.apache.hadoop.chukwa.inputtools.plugin.metrics.ExecHelper","org.apache.hadoop.chukwa.inputtools.plugin.nodeactivity.NodeActivityPlugin","org.apache.hadoop.chukwa.inputtools.plugin.pbsnode.PbsNodePlugin","org.apache.hadoop.chukwa.rest.DatabaseRestServerSetup","org.apache.hadoop.chukwa.rest.TestDatabaseClientTraceTest","org.apache.hadoop.chukwa.rest.TestDatabaseClusterDiskTest","org.apache.hadoop.chukwa.rest.TestDatabaseClusterHadoopRpcTest","org.apache.hadoop.chukwa.rest.TestDatabaseDfsDataNodeTest","org.apache.hadoop.chukwa.rest.TestDatabaseDfsFsNameSystemTest","org.apache.hadoop.chukwa.rest.TestDatabaseDfsNameNodeTest","org.apache.hadoop.chukwa.rest.TestDatabaseDfsThroughputTest","org.apache.hadoop.chukwa.rest.TestDatabaseDiskTest","org.apache.hadoop.chukwa.rest.TestDatabaseHadoopJvmTest","org.apache.hadoop.chukwa.rest.TestDatabaseHadoopRpcTest","org.apache.hadoop.chukwa.rest.TestDatabaseMrJobConfTest","org.apache.hadoop.chukwa.rest.TestDatabaseMrJobTest","org.apache.hadoop.chukwa.rest.TestDatabaseMrTaskTest","org.apache.hadoop.chukwa.rest.TestDatabaseSystemMetricsTest","org.apache.hadoop.chukwa.rest.actions.ClientTraceResource","org.apache.hadoop.chukwa.rest.actions.ClusterDiskResource","org.apache.hadoop.chukwa.rest.actions.ClusterHadoopRpcResource","org.apache.hadoop.chukwa.rest.actions.ClusterSystemMetricsResource","org.apache.hadoop.chukwa.rest.actions.DfsDataNodeResource","org.apache.hadoop.chukwa.rest.actions.DfsFsNameSystemResource","org.apache.hadoop.chukwa.rest.actions.DfsNameNodeResource","org.apache.hadoop.chukwa.rest.actions.DfsThroughputResource","org.apache.hadoop.chukwa.rest.actions.DiskResource","org.apache.hadoop.chukwa.rest.actions.HadoopJvmResource","org.apache.hadoop.chukwa.rest.actions.HadoopRpcResource","org.apache.hadoop.chukwa.rest.actions.JsonDateValueProcessor","org.apache.hadoop.chukwa.rest.actions.MrJobConfResource","org.apache.hadoop.chukwa.rest.actions.MrJobResource","org.apache.hadoop.chukwa.rest.actions.MrTaskResource","org.apache.hadoop.chukwa.rest.actions.RestController","org.apache.hadoop.chukwa.rest.actions.SystemMetricsResource","org.apache.hadoop.chukwa.rest.bean.CatalogBean","org.apache.hadoop.chukwa.rest.bean.CategoryBean","org.apache.hadoop.chukwa.rest.bean.ClientTraceBean","org.apache.hadoop.chukwa.rest.bean.ColumnBean","org.apache.hadoop.chukwa.rest.bean.ConfigBean","org.apache.hadoop.chukwa.rest.bean.OptionBean","org.apache.hadoop.chukwa.rest.bean.UserBean","org.apache.hadoop.chukwa.rest.bean.ViewBean","org.apache.hadoop.chukwa.rest.objects.ClientTrace","org.apache.hadoop.chukwa.rest.objects.ClusterDisk","org.apache.hadoop.chukwa.rest.objects.ClusterHadoopRpc","org.apache.hadoop.chukwa.rest.objects.ClusterSystemMetrics","org.apache.hadoop.chukwa.rest.objects.DfsDataNode","org.apache.hadoop.chukwa.rest.objects.DfsFsNameSystem","org.apache.hadoop.chukwa.rest.objects.DfsNameNode","org.apache.hadoop.chukwa.rest.objects.DfsThroughput","org.apache.hadoop.chukwa.rest.objects.Disk","org.apache.hadoop.chukwa.rest.objects.HadoopJvm","org.apache.hadoop.chukwa.rest.objects.HadoopRpc","org.apache.hadoop.chukwa.rest.objects.SystemMetrics","org.apache.hadoop.chukwa.rest.resource.ClientTrace","org.apache.hadoop.chukwa.rest.resource.TestClientTrace","org.apache.hadoop.chukwa.rest.resource.TestUserResource","org.apache.hadoop.chukwa.rest.resource.TestViewResource","org.apache.hadoop.chukwa.rest.resource.TestWidgetResource","org.apache.hadoop.chukwa.rest.resource.UserResource","org.apache.hadoop.chukwa.rest.resource.ViewContextResolver","org.apache.hadoop.chukwa.rest.resource.ViewResource","org.apache.hadoop.chukwa.rest.resource.WidgetContextResolver","org.apache.hadoop.chukwa.rest.resource.WidgetResource","org.apache.hadoop.chukwa.rest.services.ClientTraceHome","org.apache.hadoop.chukwa.rest.services.ClusterDiskHome","org.apache.hadoop.chukwa.rest.services.ClusterHadoopRpcHome","org.apache.hadoop.chukwa.rest.services.ClusterSystemMetricsHome","org.apache.hadoop.chukwa.rest.services.DfsDataNodeHome","org.apache.hadoop.chukwa.rest.services.DfsFsNameSystemHome","org.apache.hadoop.chukwa.rest.services.DfsNameNodeHome","org.apache.hadoop.chukwa.rest.services.DfsThroughputHome","org.apache.hadoop.chukwa.rest.services.DiskHome","org.apache.hadoop.chukwa.rest.services.HadoopJvmHome","org.apache.hadoop.chukwa.rest.services.HadoopRpcHome","org.apache.hadoop.chukwa.rest.services.MrJobConfHome","org.apache.hadoop.chukwa.rest.services.MrJobHome","org.apache.hadoop.chukwa.rest.services.MrTaskHome","org.apache.hadoop.chukwa.rest.services.SystemMetricsHome","org.apache.hadoop.chukwa.tools.PigMover","org.apache.hadoop.chukwa.tools.backfilling.BackfillingLoader","org.apache.hadoop.chukwa.tools.backfilling.QueueToWriterConnector","org.apache.hadoop.chukwa.util.AdaptorNamingUtils","org.apache.hadoop.chukwa.util.ClusterConfig","org.apache.hadoop.chukwa.util.ConstRateValidator","org.apache.hadoop.chukwa.util.DaemonWatcher","org.apache.hadoop.chukwa.util.DatabaseWriter","org.apache.hadoop.chukwa.util.DriverManagerUtil","org.apache.hadoop.chukwa.util.DriverManagerUtilTest","org.apache.hadoop.chukwa.util.DumpArchive","org.apache.hadoop.chukwa.util.DumpRecord","org.apache.hadoop.chukwa.util.ExceptionUtil","org.apache.hadoop.chukwa.util.Filter","org.apache.hadoop.chukwa.util.GenerateTestFile","org.apache.hadoop.chukwa.util.NagiosHelper","org.apache.hadoop.chukwa.util.RecordConstants","org.apache.hadoop.chukwa.util.TestCRValidator","org.apache.hadoop.chukwa.util.TestCreateRecordFile","org.apache.hadoop.chukwa.util.TestDumpChunks","org.apache.hadoop.chukwa.util.TestFilter","org.apache.hadoop.chukwa.util.TestRecordConsts","org.apache.hadoop.chukwa.util.TestXSSFilter","org.apache.hadoop.chukwa.util.WatchDog","org.apache.hadoop.chukwa.util.XssFilter","org.apache.hadoop.chukwa.validationframework.DemuxDirectoryValidator","org.apache.hadoop.chukwa.validationframework.interceptor.ChunkDumper","org.apache.hadoop.chukwa.validationframework.interceptor.ChunkQueueInterceptor","org.apache.hadoop.chukwa.validationframework.interceptor.SetupTestClasses","org.apache.hadoop.mapred.ChukwaJobTrackerInstrumentation"]},{"name":"edu.berkeley.chukwa_xtrace.CausalGraph","imports":[]},{"name":"edu.berkeley.chukwa_xtrace.XtrAdaptor","imports":[]},{"name":"org.apache.hadoop.chukwa.ChukwaArchiveKey","imports":[]},{"name":"org.apache.hadoop.chukwa.ChunkImpl","imports":[]},{"name":"org.apache.hadoop.chukwa.analysis.salsa.fsm.DataNodeClientTraceMapper","imports":[]},{"name":"org.apache.hadoop.chukwa.analysis.salsa.fsm.FSMBuilder","imports":[]},{"name":"org.apache.hadoop.chukwa.analysis.salsa.fsm.JobHistoryTaskDataMapper","imports":[]},{"name":"org.apache.hadoop.chukwa.analysis.salsa.fsm.TaskTrackerClientTraceMapper","imports":[]},{"name":"org.apache.hadoop.chukwa.analysis.salsa.visualization.Heatmap","imports":[]},{"name":"org.apache.hadoop.chukwa.analysis.salsa.visualization.Swimlanes","imports":[]},{"name":"org.apache.hadoop.chukwa.database.DatabaseConfig","imports":[]},{"name":"org.apache.hadoop.chukwa.database.Macro","imports":[]},{"name":"org.apache.hadoop.chukwa.database.TestDatabaseWebJson","imports":[]},{"name":"org.apache.hadoop.chukwa.datacollection.adaptor.AbstractAdaptor","imports":[]},{"name":"org.apache.hadoop.chukwa.datacollection.adaptor.AbstractWrapper","imports":[]},{"name":"org.apache.hadoop.chukwa.datacollection.adaptor.Adaptor","imports":[]},{"name":"org.apache.hadoop.chukwa.datacollection.adaptor.ExecAdaptor","imports":[]},{"name":"org.apache.hadoop.chukwa.datacollection.adaptor.FileAdaptor","imports":[]},{"name":"org.apache.hadoop.chukwa.datacollection.adaptor.MemBuffered","imports":[]},{"name":"org.apache.hadoop.chukwa.datacollection.adaptor.TestBufferingWrappers","imports":[]},{"name":"org.apache.hadoop.chukwa.datacollection.adaptor.UDPAdaptor","imports":[]},{"name":"org.apache.hadoop.chukwa.datacollection.adaptor.WriteaheadBuffered","imports":[]},{"name":"org.apache.hadoop.chukwa.datacollection.adaptor.filetailer.CharFileTailingAdaptorUTF8","imports":[]},{"name":"org.apache.hadoop.chukwa.datacollection.adaptor.filetailer.CharFileTailingAdaptorUTF8NewLineEscaped","imports":[]},{"name":"org.apache.hadoop.chukwa.datacollection.adaptor.filetailer.LWFTAdaptor","imports":[]},{"name":"org.apache.hadoop.chukwa.datacollection.agent.AdaptorFactory","imports":[]},{"name":"org.apache.hadoop.chukwa.datacollection.agent.AdaptorManager","imports":[]},{"name":"org.apache.hadoop.chukwa.datacollection.agent.AdaptorResetThread","imports":[]},{"name":"org.apache.hadoop.chukwa.datacollection.agent.AgentControlSocketListener","imports":[]},{"name":"org.apache.hadoop.chukwa.datacollection.agent.ChukwaAgent","imports":[]},{"name":"org.apache.hadoop.chukwa.datacollection.agent.TestCmd","imports":[]},{"name":"org.apache.hadoop.chukwa.datacollection.collector.TestDelayedAcks","imports":[]},{"name":"org.apache.hadoop.chukwa.datacollection.collector.servlet.CommitCheckServlet","imports":[]},{"name":"org.apache.hadoop.chukwa.datacollection.collector.servlet.ServletDiagnostics","imports":[]},{"name":"org.apache.hadoop.chukwa.datacollection.controller.ChukwaAgentController","imports":[]},{"name":"org.apache.hadoop.chukwa.datacollection.sender.AsyncAckSender","imports":[]},{"name":"org.apache.hadoop.chukwa.datacollection.sender.ChukwaHttpSender","imports":[]},{"name":"org.apache.hadoop.chukwa.datacollection.writer.SeqFileWriter","imports":[]},{"name":"org.apache.hadoop.chukwa.extraction.CHUKWA_CONSTANT","imports":[]},{"name":"org.apache.hadoop.chukwa.extraction.archive.ChukwaArchiveManager","imports":[]},{"name":"org.apache.hadoop.chukwa.extraction.demux.DemuxManager","imports":[]},{"name":"org.apache.hadoop.chukwa.extraction.demux.PostProcessorManager","imports":[]},{"name":"org.apache.hadoop.chukwa.extraction.demux.processor.mapper.JobLog","imports":[]},{"name":"org.apache.hadoop.chukwa.extraction.engine.ChukwaRecordJT","imports":[]},{"name":"org.apache.hadoop.chukwa.extraction.engine.datasource.record.ChukwaRecordDataSource","imports":[]},{"name":"org.apache.hadoop.chukwa.hicc.TimeHandler","imports":[]},{"name":"org.apache.hadoop.chukwa.inputtools.log4j.ChukwaDailyRollingFileAppender","imports":[]},{"name":"org.apache.hadoop.chukwa.inputtools.mdl.TorqueInfoProcessor","imports":[]},{"name":"org.apache.hadoop.chukwa.rest.objects.MrJob","imports":[]},{"name":"org.apache.hadoop.chukwa.rest.objects.MrTask","imports":[]},{"name":"org.apache.hadoop.chukwa.rest.services.RestHome","imports":[]},{"name":"org.apache.hadoop.chukwa.util.ConstRateAdaptor","imports":[]},{"name":"org.apache.hadoop.chukwa.util.DumpChunks","imports":[]},{"name":"org.apache.hadoop.chukwa.util.MaxRateSender","imports":[]},{"name":"org.apache.hadoop.metrics.spi.AbstractMetricsContext","imports":[]},{"name":"org.apache.hadoop.chukwa.analysis.salsa.fsm.FSMIntermedEntry","imports":[]},{"name":"org.apache.hadoop.chukwa.rest.bean.ParametersBean","imports":[]},{"name":"org.apache.hadoop.chukwa.rest.bean.ReturnCodeBean","imports":[]},{"name":"org.apache.hadoop.chukwa.rest.bean.WidgetBean","imports":[]},{"name":"org.apache.hadoop.chukwa.rest.objects.MrJobConf","imports":[]},{"name":"edu.berkeley.chukwa_xtrace.XtrExtract","imports":[]},{"name":"org.apache.hadoop.chukwa.ChukwaStorage","imports":[]},{"name":"org.apache.hadoop.chukwa.database.TestDatabaseIostat","imports":[]},{"name":"org.apache.hadoop.chukwa.dataloader.FSMDataLoader","imports":[]},{"name":"org.apache.hadoop.chukwa.extraction.archive.ChukwaArchiveBuilder","imports":[]},{"name":"org.apache.hadoop.chukwa.extraction.demux.DailyChukwaRecordRolling","imports":[]},{"name":"org.apache.hadoop.chukwa.extraction.demux.Demux","imports":[]},{"name":"org.apache.hadoop.chukwa.extraction.demux.HourlyChukwaRecordRolling","imports":[]},{"name":"org.apache.hadoop.chukwa.hicc.HiccWebServer","imports":[]},{"name":"org.apache.hadoop.chukwa.hicc.ImageSlicer","imports":[]},{"name":"org.apache.hadoop.chukwa.rest.bean.PagesBean","imports":[]},{"name":"org.apache.hadoop.chukwa.rest.resource.SetupTestEnv","imports":[]},{"name":"org.apache.hadoop.chukwa.analysis.salsa.fsm.TestFSMBuilder","imports":[]},{"name":"org.apache.hadoop.chukwa.datacollection.adaptor.TestDirTailingAdaptor","imports":[]},{"name":"org.apache.hadoop.chukwa.datacollection.adaptor.filetailer.FileTailingAdaptor","imports":[]},{"name":"org.apache.hadoop.chukwa.datacollection.adaptor.filetailer.RCheckFTAdaptor","imports":[]},{"name":"org.apache.hadoop.chukwa.datacollection.adaptor.filetailer.TestRCheckAdaptor","imports":[]},{"name":"org.apache.hadoop.chukwa.datacollection.agent.TestAgentConfig","imports":[]},{"name":"org.apache.hadoop.chukwa.datacollection.writer.TestChukwaWriters","imports":[]},{"name":"org.apache.hadoop.chukwa.extraction.demux.TestDemuxManager","imports":[]},{"name":"org.apache.hadoop.chukwa.hicc.Workspace","imports":[]},{"name":"org.apache.hadoop.chukwa.inputtools.mdl.LoaderServer","imports":[]},{"name":"org.apache.hadoop.chukwa.tools.backfilling.TestBackfillingLoader","imports":[]},{"name":"org.apache.hadoop.chukwa.util.CreateRecordFile","imports":[]},{"name":"org.apache.hadoop.chukwa.util.PidFile","imports":[]},{"name":"org.apache.hadoop.chukwa.util.TempFileUtil","imports":[]},{"name":"org.apache.hadoop.chukwa.validationframework.ChukwaAgentToCollectorValidator","imports":[]},{"name":"org.apache.hadoop.chukwa.validationframework.util.DataOperations","imports":[]},{"name":"org.apache.hadoop.chukwa.validationframework.util.MD5","imports":[]},{"name":"edu.berkeley.chukwa_xtrace.TestXtrAdaptor","imports":[]},{"name":"org.apache.hadoop.chukwa.ChukwaArchive","imports":[]},{"name":"org.apache.hadoop.chukwa.Chunk","imports":[]},{"name":"org.apache.hadoop.chukwa.ChunkBuilder","imports":[]},{"name":"org.apache.hadoop.chukwa.ChunkImplTest","imports":[]},{"name":"org.apache.hadoop.chukwa.PARSEDOUBLE","imports":[]},{"name":"org.apache.hadoop.chukwa.PigTest","imports":[]},{"name":"org.apache.hadoop.chukwa.RecordMerger","imports":[]},{"name":"org.apache.hadoop.chukwa.TestArchiveReader","imports":[]},{"name":"org.apache.hadoop.chukwa.TestChunkBuilder","imports":[]},{"name":"org.apache.hadoop.chukwa.TestLocalChukwaStorage","imports":[]},{"name":"org.apache.hadoop.chukwa.TestParseDouble","imports":[]},{"name":"org.apache.hadoop.chukwa.TestRecordMerger","imports":[]},{"name":"org.apache.hadoop.chukwa.TestTimePartition","imports":[]},{"name":"org.apache.hadoop.chukwa.TimePartition","imports":[]},{"name":"org.apache.hadoop.chukwa.analysis.salsa.fsm.FSMIntermedEntryPartitioner","imports":[]},{"name":"org.apache.hadoop.chukwa.analysis.salsa.fsm.FSMType","imports":[]},{"name":"org.apache.hadoop.chukwa.analysis.salsa.fsm.HDFSState","imports":[]},{"name":"org.apache.hadoop.chukwa.analysis.salsa.fsm.MapRedState","imports":[]},{"name":"org.apache.hadoop.chukwa.analysis.salsa.fsm.ParseUtilities","imports":[]},{"name":"org.apache.hadoop.chukwa.analysis.salsa.fsm.StateType","imports":[]},{"name":"org.apache.hadoop.chukwa.conf.ChukwaConfiguration","imports":[]},{"name":"org.apache.hadoop.chukwa.database.Aggregator","imports":[]},{"name":"org.apache.hadoop.chukwa.database.DataExpiration","imports":[]},{"name":"org.apache.hadoop.chukwa.database.DatabaseSetup","imports":[]},{"name":"org.apache.hadoop.chukwa.database.MetricsAggregation","imports":[]},{"name":"org.apache.hadoop.chukwa.database.TableCreator","imports":[]},{"name":"org.apache.hadoop.chukwa.database.TestDatabaseAggregator","imports":[]},{"name":"org.apache.hadoop.chukwa.database.TestDatabaseDataExpiration","imports":[]},{"name":"org.apache.hadoop.chukwa.database.TestDatabasePrepareStatement","imports":[]},{"name":"org.apache.hadoop.chukwa.database.TestDatabaseTableCreator","imports":[]},{"name":"org.apache.hadoop.chukwa.database.TestMacro","imports":[]},{"name":"org.apache.hadoop.chukwa.datacollection.ChunkQueue","imports":[]},{"name":"org.apache.hadoop.chukwa.datacollection.ChunkReceiver","imports":[]},{"name":"org.apache.hadoop.chukwa.datacollection.DataFactory","imports":[]},{"name":"org.apache.hadoop.chukwa.datacollection.adaptor.AdaptorException","imports":[]},{"name":"org.apache.hadoop.chukwa.datacollection.adaptor.AdaptorShutdownPolicy","imports":[]},{"name":"org.apache.hadoop.chukwa.datacollection.adaptor.ChukwaTestAdaptor","imports":[]},{"name":"org.apache.hadoop.chukwa.datacollection.adaptor.DirTailingAdaptor","imports":[]},{"name":"org.apache.hadoop.chukwa.datacollection.adaptor.NotifyOnCommitAdaptor","imports":[]},{"name":"org.apache.hadoop.chukwa.datacollection.adaptor.TestExecAdaptor","imports":[]},{"name":"org.apache.hadoop.chukwa.datacollection.adaptor.TestFileAdaptor","imports":[]},{"name":"org.apache.hadoop.chukwa.datacollection.adaptor.TestUDPAdaptor","imports":[]},{"name":"org.apache.hadoop.chukwa.datacollection.adaptor.filetailer.FileTailer","imports":[]},{"name":"org.apache.hadoop.chukwa.datacollection.adaptor.filetailer.TerminatorThread","imports":[]},{"name":"org.apache.hadoop.chukwa.datacollection.adaptor.filetailer.TestCharFileTailingAdaptorUTF8","imports":[]},{"name":"org.apache.hadoop.chukwa.datacollection.adaptor.filetailer.TestFileExpirationPolicy","imports":[]},{"name":"org.apache.hadoop.chukwa.datacollection.adaptor.filetailer.TestFileTailingAdaptorBigRecord","imports":[]},{"name":"org.apache.hadoop.chukwa.datacollection.adaptor.filetailer.TestFileTailingAdaptors","imports":[]},{"name":"org.apache.hadoop.chukwa.datacollection.adaptor.filetailer.TestLogRotate","imports":[]},{"name":"org.apache.hadoop.chukwa.datacollection.adaptor.filetailer.TestRawAdaptor","imports":[]},{"name":"org.apache.hadoop.chukwa.datacollection.adaptor.filetailer.TestStartAtOffset","imports":[]},{"name":"org.apache.hadoop.chukwa.datacollection.agent.MemLimitQueue","imports":[]},{"name":"org.apache.hadoop.chukwa.datacollection.agent.TestAgent","imports":[]},{"name":"org.apache.hadoop.chukwa.datacollection.agent.WaitingQueue","imports":[]},{"name":"org.apache.hadoop.chukwa.datacollection.agent.metrics.AgentActivityMBean","imports":[]},{"name":"org.apache.hadoop.chukwa.datacollection.agent.metrics.AgentMetrics","imports":[]},{"name":"org.apache.hadoop.chukwa.datacollection.agent.metrics.ChunkQueueActivityMBean","imports":[]},{"name":"org.apache.hadoop.chukwa.datacollection.agent.metrics.ChunkQueueMetrics","imports":[]},{"name":"org.apache.hadoop.chukwa.datacollection.collector.CaptureWriter","imports":[]},{"name":"org.apache.hadoop.chukwa.datacollection.collector.CollectorStub","imports":[]},{"name":"org.apache.hadoop.chukwa.datacollection.collector.TestAdaptorTimeout","imports":[]},{"name":"org.apache.hadoop.chukwa.datacollection.collector.TestBackpressure","imports":[]},{"name":"org.apache.hadoop.chukwa.datacollection.collector.TestCollector","imports":[]},{"name":"org.apache.hadoop.chukwa.datacollection.collector.TestFailedCollectorAck","imports":[]},{"name":"org.apache.hadoop.chukwa.datacollection.collector.servlet.LogDisplayServlet","imports":[]},{"name":"org.apache.hadoop.chukwa.datacollection.collector.servlet.ServletCollector","imports":[]},{"name":"org.apache.hadoop.chukwa.datacollection.connector.ChunkCatcherConnector","imports":[]},{"name":"org.apache.hadoop.chukwa.datacollection.connector.Connector","imports":[]},{"name":"org.apache.hadoop.chukwa.datacollection.connector.TestFailedCollector","imports":[]},{"name":"org.apache.hadoop.chukwa.datacollection.connector.http.HttpConnector","imports":[]},{"name":"org.apache.hadoop.chukwa.datacollection.controller.ClientFinalizer","imports":[]},{"name":"org.apache.hadoop.chukwa.datacollection.controller.TestAgentClient","imports":[]},{"name":"org.apache.hadoop.chukwa.datacollection.sender.ChukwaSender","imports":[]},{"name":"org.apache.hadoop.chukwa.datacollection.sender.RetryListOfCollectors","imports":[]},{"name":"org.apache.hadoop.chukwa.datacollection.sender.TestAcksOnFailure","imports":[]},{"name":"org.apache.hadoop.chukwa.datacollection.sender.TestRetryListOfCollectors","imports":[]},{"name":"org.apache.hadoop.chukwa.datacollection.sender.metrics.HttpSenderActivityMBean","imports":[]},{"name":"org.apache.hadoop.chukwa.datacollection.sender.metrics.HttpSenderMetrics","imports":[]},{"name":"org.apache.hadoop.chukwa.datacollection.test.ConsoleOutConnector","imports":[]},{"name":"org.apache.hadoop.chukwa.datacollection.test.FilePerPostWriter","imports":[]},{"name":"org.apache.hadoop.chukwa.datacollection.test.FileTailerStressTest","imports":[]},{"name":"org.apache.hadoop.chukwa.datacollection.test.SinkFileValidator","imports":[]},{"name":"org.apache.hadoop.chukwa.datacollection.writer.ChukwaWriter","imports":[]},{"name":"org.apache.hadoop.chukwa.datacollection.writer.ClientAck","imports":[]},{"name":"org.apache.hadoop.chukwa.datacollection.writer.ConsoleWriter","imports":[]},{"name":"org.apache.hadoop.chukwa.datacollection.writer.Dedup","imports":[]},{"name":"org.apache.hadoop.chukwa.datacollection.writer.ExtractorWriter","imports":[]},{"name":"org.apache.hadoop.chukwa.datacollection.writer.InMemoryWriter","imports":[]},{"name":"org.apache.hadoop.chukwa.datacollection.writer.NullWriter","imports":[]},{"name":"org.apache.hadoop.chukwa.datacollection.writer.PipelineStageWriter","imports":[]},{"name":"org.apache.hadoop.chukwa.datacollection.writer.PipelineableWriter","imports":[]},{"name":"org.apache.hadoop.chukwa.datacollection.writer.SocketTeeWriter","imports":[]},{"name":"org.apache.hadoop.chukwa.datacollection.writer.TestClientAck","imports":[]},{"name":"org.apache.hadoop.chukwa.datacollection.writer.TestSocketTee","imports":[]},{"name":"org.apache.hadoop.chukwa.datacollection.writer.WriterException","imports":[]},{"name":"org.apache.hadoop.chukwa.datacollection.writer.localfs.LocalToRemoteHdfsMover","imports":[]},{"name":"org.apache.hadoop.chukwa.datacollection.writer.localfs.LocalWriter","imports":[]},{"name":"org.apache.hadoop.chukwa.dataloader.DataLoaderFactory","imports":[]},{"name":"org.apache.hadoop.chukwa.dataloader.MetricDataLoader","imports":[]},{"name":"org.apache.hadoop.chukwa.dataloader.MetricDataLoaderPool","imports":[]},{"name":"org.apache.hadoop.chukwa.dataloader.SocketDataLoader","imports":[]},{"name":"org.apache.hadoop.chukwa.dataloader.TestDatabaseMetricDataLoader","imports":[]},{"name":"org.apache.hadoop.chukwa.dataloader.TestSocketDataLoader","imports":[]},{"name":"org.apache.hadoop.chukwa.datastore.UserStore","imports":[]},{"name":"org.apache.hadoop.chukwa.datastore.ViewStore","imports":[]},{"name":"org.apache.hadoop.chukwa.datastore.WidgetStore","imports":[]},{"name":"org.apache.hadoop.chukwa.extraction.archive.ChukwaArchiveDailyOutputFormat","imports":[]},{"name":"org.apache.hadoop.chukwa.extraction.archive.ChukwaArchiveDailyPartitioner","imports":[]},{"name":"org.apache.hadoop.chukwa.extraction.archive.ChukwaArchiveDataTypeOutputFormat","imports":[]},{"name":"org.apache.hadoop.chukwa.extraction.archive.ChukwaArchiveDataTypePartitioner","imports":[]},{"name":"org.apache.hadoop.chukwa.extraction.archive.ChukwaArchiveHourlyOutputFormat","imports":[]},{"name":"org.apache.hadoop.chukwa.extraction.archive.ChukwaArchiveHourlyPartitioner","imports":[]},{"name":"org.apache.hadoop.chukwa.extraction.archive.ChukwaArchiveStreamNameOutputFormat","imports":[]},{"name":"org.apache.hadoop.chukwa.extraction.archive.ChukwaArchiveStreamNamePartitioner","imports":[]},{"name":"org.apache.hadoop.chukwa.extraction.archive.SinkArchiver","imports":[]},{"name":"org.apache.hadoop.chukwa.extraction.archive.TestArchive","imports":[]},{"name":"org.apache.hadoop.chukwa.extraction.demux.ChukwaRecordOutputFormat","imports":[]},{"name":"org.apache.hadoop.chukwa.extraction.demux.ChukwaRecordPartitioner","imports":[]},{"name":"org.apache.hadoop.chukwa.extraction.demux.MoveOrMergeRecordFile","imports":[]},{"name":"org.apache.hadoop.chukwa.extraction.demux.MoveToRepository","imports":[]},{"name":"org.apache.hadoop.chukwa.extraction.demux.RecordMerger","imports":[]},{"name":"org.apache.hadoop.chukwa.extraction.demux.TaggerPlugin","imports":[]},{"name":"org.apache.hadoop.chukwa.extraction.demux.TestDemux","imports":[]},{"name":"org.apache.hadoop.chukwa.extraction.demux.processor.ChukwaOutputCollector","imports":[]},{"name":"org.apache.hadoop.chukwa.extraction.demux.processor.Util","imports":[]},{"name":"org.apache.hadoop.chukwa.extraction.demux.processor.mapper.AbstractProcessor","imports":[]},{"name":"org.apache.hadoop.chukwa.extraction.demux.processor.mapper.ChukwaTestOutputCollector","imports":[]},{"name":"org.apache.hadoop.chukwa.extraction.demux.processor.mapper.ChunkProcessor","imports":[]},{"name":"org.apache.hadoop.chukwa.extraction.demux.processor.mapper.ChunkSaver","imports":[]},{"name":"org.apache.hadoop.chukwa.extraction.demux.processor.mapper.ClientTraceProcessor","imports":[]},{"name":"org.apache.hadoop.chukwa.extraction.demux.processor.mapper.DFInvalidRecord","imports":[]},{"name":"org.apache.hadoop.chukwa.extraction.demux.processor.mapper.DebugOutputProcessor","imports":[]},{"name":"org.apache.hadoop.chukwa.extraction.demux.processor.mapper.DefaultProcessor","imports":[]},{"name":"org.apache.hadoop.chukwa.extraction.demux.processor.mapper.Df","imports":[]},{"name":"org.apache.hadoop.chukwa.extraction.demux.processor.mapper.DuplicateProcessorException","imports":[]},{"name":"org.apache.hadoop.chukwa.extraction.demux.processor.mapper.HadoopLogProcessor","imports":[]},{"name":"org.apache.hadoop.chukwa.extraction.demux.processor.mapper.HadoopMetricsProcessor","imports":[]},{"name":"org.apache.hadoop.chukwa.extraction.demux.processor.mapper.Iostat","imports":[]},{"name":"org.apache.hadoop.chukwa.extraction.demux.processor.mapper.JPluginMapper","imports":[]},{"name":"org.apache.hadoop.chukwa.extraction.demux.processor.mapper.JobConfProcessor","imports":[]},{"name":"org.apache.hadoop.chukwa.extraction.demux.processor.mapper.JobLogHistoryProcessor","imports":[]},{"name":"org.apache.hadoop.chukwa.extraction.demux.processor.mapper.Log4JMetricsContextProcessor","imports":[]},{"name":"org.apache.hadoop.chukwa.extraction.demux.processor.mapper.Log4jJobHistoryProcessor","imports":[]},{"name":"org.apache.hadoop.chukwa.extraction.demux.processor.mapper.LogEntry","imports":[]},{"name":"org.apache.hadoop.chukwa.extraction.demux.processor.mapper.MapProcessor","imports":[]},{"name":"org.apache.hadoop.chukwa.extraction.demux.processor.mapper.MapProcessorFactory","imports":[]},{"name":"org.apache.hadoop.chukwa.extraction.demux.processor.mapper.PbsInvalidEntry","imports":[]},{"name":"org.apache.hadoop.chukwa.extraction.demux.processor.mapper.PbsNodes","imports":[]},{"name":"org.apache.hadoop.chukwa.extraction.demux.processor.mapper.ProcessorFactory","imports":[]},{"name":"org.apache.hadoop.chukwa.extraction.demux.processor.mapper.Ps","imports":[]},{"name":"org.apache.hadoop.chukwa.extraction.demux.processor.mapper.Sar","imports":[]},{"name":"org.apache.hadoop.chukwa.extraction.demux.processor.mapper.SysLog","imports":[]},{"name":"org.apache.hadoop.chukwa.extraction.demux.processor.mapper.TestAbtractProcessor","imports":[]},{"name":"org.apache.hadoop.chukwa.extraction.demux.processor.mapper.TestHadoopLogProcessor","imports":[]},{"name":"org.apache.hadoop.chukwa.extraction.demux.processor.mapper.TestJobLogEntry","imports":[]},{"name":"org.apache.hadoop.chukwa.extraction.demux.processor.mapper.TestLog4JMetricsContextChukwaRecord","imports":[]},{"name":"org.apache.hadoop.chukwa.extraction.demux.processor.mapper.TestPsOutput","imports":[]},{"name":"org.apache.hadoop.chukwa.extraction.demux.processor.mapper.Top","imports":[]},{"name":"org.apache.hadoop.chukwa.extraction.demux.processor.mapper.Torque","imports":[]},{"name":"org.apache.hadoop.chukwa.extraction.demux.processor.mapper.TsProcessor","imports":[]},{"name":"org.apache.hadoop.chukwa.extraction.demux.processor.mapper.UnknownRecordTypeException","imports":[]},{"name":"org.apache.hadoop.chukwa.extraction.demux.processor.mapper.YWatch","imports":[]},{"name":"org.apache.hadoop.chukwa.extraction.demux.processor.mapper.YwatchInvalidEntry","imports":[]},{"name":"org.apache.hadoop.chukwa.extraction.demux.processor.reducer.ClientTrace","imports":[]},{"name":"org.apache.hadoop.chukwa.extraction.demux.processor.reducer.DuplicateReduceProcessorException","imports":[]},{"name":"org.apache.hadoop.chukwa.extraction.demux.processor.reducer.IdentityReducer","imports":[]},{"name":"org.apache.hadoop.chukwa.extraction.demux.processor.reducer.JobLogHistoryReduceProcessor","imports":[]},{"name":"org.apache.hadoop.chukwa.extraction.demux.processor.reducer.MRJobReduceProcessor","imports":[]},{"name":"org.apache.hadoop.chukwa.extraction.demux.processor.reducer.ReduceProcessor","imports":[]},{"name":"org.apache.hadoop.chukwa.extraction.demux.processor.reducer.ReduceProcessorFactory","imports":[]},{"name":"org.apache.hadoop.chukwa.extraction.demux.processor.reducer.SystemMetrics","imports":[]},{"name":"org.apache.hadoop.chukwa.extraction.demux.processor.reducer.UnknownReduceTypeException","imports":[]},{"name":"org.apache.hadoop.chukwa.extraction.engine.ChukwaRecord","imports":[]},{"name":"org.apache.hadoop.chukwa.extraction.engine.ChukwaRecordKey","imports":[]},{"name":"org.apache.hadoop.chukwa.extraction.engine.ChukwaSearchResult","imports":[]},{"name":"org.apache.hadoop.chukwa.extraction.engine.ChukwaSearchService","imports":[]},{"name":"org.apache.hadoop.chukwa.extraction.engine.Record","imports":[]},{"name":"org.apache.hadoop.chukwa.extraction.engine.RecordUtil","imports":[]},{"name":"org.apache.hadoop.chukwa.extraction.engine.SearchResult","imports":[]},{"name":"org.apache.hadoop.chukwa.extraction.engine.SearchService","imports":[]},{"name":"org.apache.hadoop.chukwa.extraction.engine.Token","imports":[]},{"name":"org.apache.hadoop.chukwa.extraction.engine.datasource.DataSource","imports":[]},{"name":"org.apache.hadoop.chukwa.extraction.engine.datasource.DataSourceException","imports":[]},{"name":"org.apache.hadoop.chukwa.extraction.engine.datasource.DataSourceFactory","imports":[]},{"name":"org.apache.hadoop.chukwa.extraction.engine.datasource.DsDirectory","imports":[]},{"name":"org.apache.hadoop.chukwa.extraction.engine.datasource.database.DatabaseDS","imports":[]},{"name":"org.apache.hadoop.chukwa.extraction.engine.datasource.record.ChukwaDSInternalResult","imports":[]},{"name":"org.apache.hadoop.chukwa.extraction.engine.datasource.record.ChukwaFileParser","imports":[]},{"name":"org.apache.hadoop.chukwa.extraction.engine.datasource.record.ChukwaSequenceFileParser","imports":[]},{"name":"org.apache.hadoop.chukwa.extraction.engine.datasource.record.MalformedFileFormat","imports":[]},{"name":"org.apache.hadoop.chukwa.extraction.engine.datasource.record.RecordDS","imports":[]},{"name":"org.apache.hadoop.chukwa.hicc.AreaCalculator","imports":[]},{"name":"org.apache.hadoop.chukwa.hicc.AreaCalculatorTest","imports":[]},{"name":"org.apache.hadoop.chukwa.hicc.Chart","imports":[]},{"name":"org.apache.hadoop.chukwa.hicc.ClusterConfig","imports":[]},{"name":"org.apache.hadoop.chukwa.hicc.ColorPicker","imports":[]},{"name":"org.apache.hadoop.chukwa.hicc.Config","imports":[]},{"name":"org.apache.hadoop.chukwa.hicc.DatasetMapper","imports":[]},{"name":"org.apache.hadoop.chukwa.hicc.Iframe","imports":[]},{"name":"org.apache.hadoop.chukwa.hicc.JSONLoader","imports":[]},{"name":"org.apache.hadoop.chukwa.hicc.OfflineTimeHandler","imports":[]},{"name":"org.apache.hadoop.chukwa.hicc.TestChart","imports":[]},{"name":"org.apache.hadoop.chukwa.hicc.Views","imports":[]},{"name":"org.apache.hadoop.chukwa.hicc.ViewsTag","imports":[]},{"name":"org.apache.hadoop.chukwa.inputtools.ChukwaInputFormat","imports":[]},{"name":"org.apache.hadoop.chukwa.inputtools.ChukwaTTInstru","imports":[]},{"name":"org.apache.hadoop.chukwa.inputtools.TestInputFormat","imports":[]},{"name":"org.apache.hadoop.chukwa.inputtools.hdfsusage.Employee","imports":[]},{"name":"org.apache.hadoop.chukwa.inputtools.hdfsusage.HDFSUsageMetrics","imports":[]},{"name":"org.apache.hadoop.chukwa.inputtools.hdfsusage.HDFSUsageMetricsList","imports":[]},{"name":"org.apache.hadoop.chukwa.inputtools.hdfsusage.HDFSUsagePlugin","imports":[]},{"name":"org.apache.hadoop.chukwa.inputtools.hdfsusage.HDFSUsagePluginTest","imports":[]},{"name":"org.apache.hadoop.chukwa.inputtools.hdfsusage.OrgChart","imports":[]},{"name":"org.apache.hadoop.chukwa.inputtools.jplugin.ChukwaMetrics","imports":[]},{"name":"org.apache.hadoop.chukwa.inputtools.jplugin.ChukwaMetricsList","imports":[]},{"name":"org.apache.hadoop.chukwa.inputtools.jplugin.GenericChukwaMetricsList","imports":[]},{"name":"org.apache.hadoop.chukwa.inputtools.jplugin.JPlugin","imports":[]},{"name":"org.apache.hadoop.chukwa.inputtools.jplugin.JPluginAgent","imports":[]},{"name":"org.apache.hadoop.chukwa.inputtools.jplugin.JPluginStatusMetricsList","imports":[]},{"name":"org.apache.hadoop.chukwa.inputtools.log4j.Log4JMetricsContext","imports":[]},{"name":"org.apache.hadoop.chukwa.inputtools.log4j.OneLineLogLayout","imports":[]},{"name":"org.apache.hadoop.chukwa.inputtools.log4j.TaskLogAppender","imports":[]},{"name":"org.apache.hadoop.chukwa.inputtools.log4j.TestChukwaDailyRollingFileAppender","imports":[]},{"name":"org.apache.hadoop.chukwa.inputtools.log4j.TestTaskLogAppender","imports":[]},{"name":"org.apache.hadoop.chukwa.inputtools.mdl.DataConfig","imports":[]},{"name":"org.apache.hadoop.chukwa.inputtools.mdl.ErStreamHandler","imports":[]},{"name":"org.apache.hadoop.chukwa.inputtools.mdl.TorqueDataLoader","imports":[]},{"name":"org.apache.hadoop.chukwa.inputtools.mdl.TorqueTimerTask","imports":[]},{"name":"org.apache.hadoop.chukwa.inputtools.plugin.ExecPlugin","imports":[]},{"name":"org.apache.hadoop.chukwa.inputtools.plugin.IPlugin","imports":[]},{"name":"org.apache.hadoop.chukwa.inputtools.plugin.metrics.Exec","imports":[]},{"name":"org.apache.hadoop.chukwa.inputtools.plugin.metrics.ExecHelper","imports":[]},{"name":"org.apache.hadoop.chukwa.inputtools.plugin.nodeactivity.NodeActivityPlugin","imports":[]},{"name":"org.apache.hadoop.chukwa.inputtools.plugin.pbsnode.PbsNodePlugin","imports":[]},{"name":"org.apache.hadoop.chukwa.rest.DatabaseRestServerSetup","imports":[]},{"name":"org.apache.hadoop.chukwa.rest.TestDatabaseClientTraceTest","imports":[]},{"name":"org.apache.hadoop.chukwa.rest.TestDatabaseClusterDiskTest","imports":[]},{"name":"org.apache.hadoop.chukwa.rest.TestDatabaseClusterHadoopRpcTest","imports":[]},{"name":"org.apache.hadoop.chukwa.rest.TestDatabaseDfsDataNodeTest","imports":[]},{"name":"org.apache.hadoop.chukwa.rest.TestDatabaseDfsFsNameSystemTest","imports":[]},{"name":"org.apache.hadoop.chukwa.rest.TestDatabaseDfsNameNodeTest","imports":[]},{"name":"org.apache.hadoop.chukwa.rest.TestDatabaseDfsThroughputTest","imports":[]},{"name":"org.apache.hadoop.chukwa.rest.TestDatabaseDiskTest","imports":[]},{"name":"org.apache.hadoop.chukwa.rest.TestDatabaseHadoopJvmTest","imports":[]},{"name":"org.apache.hadoop.chukwa.rest.TestDatabaseHadoopRpcTest","imports":[]},{"name":"org.apache.hadoop.chukwa.rest.TestDatabaseMrJobConfTest","imports":[]},{"name":"org.apache.hadoop.chukwa.rest.TestDatabaseMrJobTest","imports":[]},{"name":"org.apache.hadoop.chukwa.rest.TestDatabaseMrTaskTest","imports":[]},{"name":"org.apache.hadoop.chukwa.rest.TestDatabaseSystemMetricsTest","imports":[]},{"name":"org.apache.hadoop.chukwa.rest.actions.ClientTraceResource","imports":[]},{"name":"org.apache.hadoop.chukwa.rest.actions.ClusterDiskResource","imports":[]},{"name":"org.apache.hadoop.chukwa.rest.actions.ClusterHadoopRpcResource","imports":[]},{"name":"org.apache.hadoop.chukwa.rest.actions.ClusterSystemMetricsResource","imports":[]},{"name":"org.apache.hadoop.chukwa.rest.actions.DfsDataNodeResource","imports":[]},{"name":"org.apache.hadoop.chukwa.rest.actions.DfsFsNameSystemResource","imports":[]},{"name":"org.apache.hadoop.chukwa.rest.actions.DfsNameNodeResource","imports":[]},{"name":"org.apache.hadoop.chukwa.rest.actions.DfsThroughputResource","imports":[]},{"name":"org.apache.hadoop.chukwa.rest.actions.DiskResource","imports":[]},{"name":"org.apache.hadoop.chukwa.rest.actions.HadoopJvmResource","imports":[]},{"name":"org.apache.hadoop.chukwa.rest.actions.HadoopRpcResource","imports":[]},{"name":"org.apache.hadoop.chukwa.rest.actions.JsonDateValueProcessor","imports":[]},{"name":"org.apache.hadoop.chukwa.rest.actions.MrJobConfResource","imports":[]},{"name":"org.apache.hadoop.chukwa.rest.actions.MrJobResource","imports":[]},{"name":"org.apache.hadoop.chukwa.rest.actions.MrTaskResource","imports":[]},{"name":"org.apache.hadoop.chukwa.rest.actions.RestController","imports":[]},{"name":"org.apache.hadoop.chukwa.rest.actions.SystemMetricsResource","imports":[]},{"name":"org.apache.hadoop.chukwa.rest.bean.CatalogBean","imports":[]},{"name":"org.apache.hadoop.chukwa.rest.bean.CategoryBean","imports":[]},{"name":"org.apache.hadoop.chukwa.rest.bean.ClientTraceBean","imports":[]},{"name":"org.apache.hadoop.chukwa.rest.bean.ColumnBean","imports":[]},{"name":"org.apache.hadoop.chukwa.rest.bean.ConfigBean","imports":[]},{"name":"org.apache.hadoop.chukwa.rest.bean.OptionBean","imports":[]},{"name":"org.apache.hadoop.chukwa.rest.bean.UserBean","imports":[]},{"name":"org.apache.hadoop.chukwa.rest.bean.ViewBean","imports":[]},{"name":"org.apache.hadoop.chukwa.rest.objects.ClientTrace","imports":[]},{"name":"org.apache.hadoop.chukwa.rest.objects.ClusterDisk","imports":[]},{"name":"org.apache.hadoop.chukwa.rest.objects.ClusterHadoopRpc","imports":[]},{"name":"org.apache.hadoop.chukwa.rest.objects.ClusterSystemMetrics","imports":[]},{"name":"org.apache.hadoop.chukwa.rest.objects.DfsDataNode","imports":[]},{"name":"org.apache.hadoop.chukwa.rest.objects.DfsFsNameSystem","imports":[]},{"name":"org.apache.hadoop.chukwa.rest.objects.DfsNameNode","imports":[]},{"name":"org.apache.hadoop.chukwa.rest.objects.DfsThroughput","imports":[]},{"name":"org.apache.hadoop.chukwa.rest.objects.Disk","imports":[]},{"name":"org.apache.hadoop.chukwa.rest.objects.HadoopJvm","imports":[]},{"name":"org.apache.hadoop.chukwa.rest.objects.HadoopRpc","imports":[]},{"name":"org.apache.hadoop.chukwa.rest.objects.SystemMetrics","imports":[]},{"name":"org.apache.hadoop.chukwa.rest.resource.ClientTrace","imports":[]},{"name":"org.apache.hadoop.chukwa.rest.resource.TestClientTrace","imports":[]},{"name":"org.apache.hadoop.chukwa.rest.resource.TestUserResource","imports":[]},{"name":"org.apache.hadoop.chukwa.rest.resource.TestViewResource","imports":[]},{"name":"org.apache.hadoop.chukwa.rest.resource.TestWidgetResource","imports":[]},{"name":"org.apache.hadoop.chukwa.rest.resource.UserResource","imports":[]},{"name":"org.apache.hadoop.chukwa.rest.resource.ViewContextResolver","imports":[]},{"name":"org.apache.hadoop.chukwa.rest.resource.ViewResource","imports":[]},{"name":"org.apache.hadoop.chukwa.rest.resource.WidgetContextResolver","imports":[]},{"name":"org.apache.hadoop.chukwa.rest.resource.WidgetResource","imports":[]},{"name":"org.apache.hadoop.chukwa.rest.services.ClientTraceHome","imports":[]},{"name":"org.apache.hadoop.chukwa.rest.services.ClusterDiskHome","imports":[]},{"name":"org.apache.hadoop.chukwa.rest.services.ClusterHadoopRpcHome","imports":[]},{"name":"org.apache.hadoop.chukwa.rest.services.ClusterSystemMetricsHome","imports":[]},{"name":"org.apache.hadoop.chukwa.rest.services.DfsDataNodeHome","imports":[]},{"name":"org.apache.hadoop.chukwa.rest.services.DfsFsNameSystemHome","imports":[]},{"name":"org.apache.hadoop.chukwa.rest.services.DfsNameNodeHome","imports":[]},{"name":"org.apache.hadoop.chukwa.rest.services.DfsThroughputHome","imports":[]},{"name":"org.apache.hadoop.chukwa.rest.services.DiskHome","imports":[]},{"name":"org.apache.hadoop.chukwa.rest.services.HadoopJvmHome","imports":[]},{"name":"org.apache.hadoop.chukwa.rest.services.HadoopRpcHome","imports":[]},{"name":"org.apache.hadoop.chukwa.rest.services.MrJobConfHome","imports":[]},{"name":"org.apache.hadoop.chukwa.rest.services.MrJobHome","imports":[]},{"name":"org.apache.hadoop.chukwa.rest.services.MrTaskHome","imports":[]},{"name":"org.apache.hadoop.chukwa.rest.services.SystemMetricsHome","imports":[]},{"name":"org.apache.hadoop.chukwa.tools.PigMover","imports":[]},{"name":"org.apache.hadoop.chukwa.tools.backfilling.BackfillingLoader","imports":[]},{"name":"org.apache.hadoop.chukwa.tools.backfilling.QueueToWriterConnector","imports":[]},{"name":"org.apache.hadoop.chukwa.util.AdaptorNamingUtils","imports":[]},{"name":"org.apache.hadoop.chukwa.util.ClusterConfig","imports":[]},{"name":"org.apache.hadoop.chukwa.util.ConstRateValidator","imports":[]},{"name":"org.apache.hadoop.chukwa.util.DaemonWatcher","imports":[]},{"name":"org.apache.hadoop.chukwa.util.DatabaseWriter","imports":[]},{"name":"org.apache.hadoop.chukwa.util.DriverManagerUtil","imports":[]},{"name":"org.apache.hadoop.chukwa.util.DriverManagerUtilTest","imports":[]},{"name":"org.apache.hadoop.chukwa.util.DumpArchive","imports":[]},{"name":"org.apache.hadoop.chukwa.util.DumpRecord","imports":[]},{"name":"org.apache.hadoop.chukwa.util.ExceptionUtil","imports":[]},{"name":"org.apache.hadoop.chukwa.util.Filter","imports":[]},{"name":"org.apache.hadoop.chukwa.util.GenerateTestFile","imports":[]},{"name":"org.apache.hadoop.chukwa.util.NagiosHelper","imports":[]},{"name":"org.apache.hadoop.chukwa.util.RecordConstants","imports":[]},{"name":"org.apache.hadoop.chukwa.util.TestCRValidator","imports":[]},{"name":"org.apache.hadoop.chukwa.util.TestCreateRecordFile","imports":[]},{"name":"org.apache.hadoop.chukwa.util.TestDumpChunks","imports":[]},{"name":"org.apache.hadoop.chukwa.util.TestFilter","imports":[]},{"name":"org.apache.hadoop.chukwa.util.TestRecordConsts","imports":[]},{"name":"org.apache.hadoop.chukwa.util.TestXSSFilter","imports":[]},{"name":"org.apache.hadoop.chukwa.util.WatchDog","imports":[]},{"name":"org.apache.hadoop.chukwa.util.XssFilter","imports":[]},{"name":"org.apache.hadoop.chukwa.validationframework.DemuxDirectoryValidator","imports":[]},{"name":"org.apache.hadoop.chukwa.validationframework.interceptor.ChunkDumper","imports":[]},{"name":"org.apache.hadoop.chukwa.validationframework.interceptor.ChunkQueueInterceptor","imports":[]},{"name":"org.apache.hadoop.chukwa.validationframework.interceptor.SetupTestClasses","imports":[]},{"name":"org.apache.hadoop.mapred.ChukwaJobTrackerInstrumentation","imports":[]}]