has,deps,cluster
ChukwaArchiveKey,FieldTypeInfo,adaptor
ChukwaArchiveKey,RecordTypeInfo,adaptor
ChukwaArchiveKey,ChukwaArchiveKey$Comparator,adaptor
ChukwaArchiveKey,Record,adaptor
ChukwaArchiveKey,RecordOutput,adaptor
ChukwaArchiveKey,RecordInput,adaptor
ChukwaArchiveKey,Utils,adaptor
ChukwaArchiveKey,TypeID,adaptor
ChukwaArchiveKey,RecordComparator,adaptor
ChukwaArchiveKey$Comparator,ChukwaArchiveKey,no_match
ChukwaArchiveKey$Comparator,RecordComparator,no_match
ChukwaArchiveKey$Comparator,Utils,no_match
Chunk,Adaptor,no_match
ChunkBuilder,DataOutputBuffer,no_match
ChunkBuilder,ChunkImpl,no_match
ChunkBuilder,Chunk,no_match
ChunkImpl,Writable,adaptor
ChunkImpl,Chunk,adaptor
ChunkImpl,DataFactory,adaptor
ChunkImpl,Adaptor,adaptor
DataNodeClientTraceMapper,FSMIntermedEntry,adaptor
DataNodeClientTraceMapper,FSMType,adaptor
DataNodeClientTraceMapper,StateType,adaptor
DataNodeClientTraceMapper,HDFSState,adaptor
DataNodeClientTraceMapper,ChukwaRecordKey,adaptor
DataNodeClientTraceMapper,ChukwaRecord,adaptor
DataNodeClientTraceMapper,FSMBuilder,adaptor
DataNodeClientTraceMapper,MapReduceBase,adaptor
DataNodeClientTraceMapper,Mapper,adaptor
DataNodeClientTraceMapper,Log,adaptor
DataNodeClientTraceMapper,OutputCollector,adaptor
DataNodeClientTraceMapper,Reporter,adaptor
DataNodeClientTraceMapper,LogFactory,adaptor
FSMBuilder,JobConf,adaptor
FSMBuilder,FSMBuilder$FSMReducer,adaptor
FSMBuilder,ChukwaRecordKey,adaptor
FSMBuilder,ChukwaRecord,adaptor
FSMBuilder,SequenceFileInputFormat,adaptor
FSMBuilder,ChukwaRecordOutputFormat,adaptor
FSMBuilder,FSMIntermedEntryPartitioner,adaptor
FSMBuilder,FSMIntermedEntry,adaptor
FSMBuilder,Path,adaptor
FSMBuilder,Configuration,adaptor
FSMBuilder,Configured,adaptor
FSMBuilder,Tool,adaptor
FSMBuilder,FSMBuilder$AddInfoTypes,adaptor
FSMBuilder,Log,adaptor
FSMBuilder,FileInputFormat,adaptor
FSMBuilder,FileOutputFormat,adaptor
FSMBuilder,JobClient,adaptor
FSMBuilder,ToolRunner,adaptor
FSMBuilder,LogFactory,adaptor
FSMBuilder,RunningJob,adaptor
FSMBuilder$AddInfoTypes,FSMBuilder,no_match
FSMBuilder$FSMReducer,ChukwaRecord,no_match
FSMBuilder$FSMReducer,ChukwaOutputCollector,no_match
FSMBuilder$FSMReducer,FSMIntermedEntry,no_match
FSMBuilder$FSMReducer,ChukwaRecordKey,no_match
FSMBuilder$FSMReducer,FSMBuilder,no_match
FSMBuilder$FSMReducer,MapReduceBase,no_match
FSMBuilder$FSMReducer,Reducer,no_match
FSMBuilder$FSMReducer,OutputCollector,no_match
FSMBuilder$FSMReducer,Reporter,no_match
FSMBuilder$FSMReducer,Log,no_match
FSMBuilder$FSMReducer,StateType,no_match
FSMIntermedEntry,MapRedState,bean
FSMIntermedEntry,HDFSState,bean
FSMIntermedEntry,StateType,bean
FSMIntermedEntry,FSMType,bean
FSMIntermedEntry,WritableComparable,bean
FSMIntermedEntryPartitioner,ChukwaRecordKey,no_match
FSMIntermedEntryPartitioner,FSMIntermedEntry,no_match
FSMIntermedEntryPartitioner,Partitioner,no_match
FSMIntermedEntryPartitioner,JobConf,no_match
JobHistoryTaskDataMapper,FSMIntermedEntry,adaptor
JobHistoryTaskDataMapper,FSMType,adaptor
JobHistoryTaskDataMapper,MapRedState,adaptor
JobHistoryTaskDataMapper,ChukwaRecordKey,adaptor
JobHistoryTaskDataMapper,StateType,adaptor
JobHistoryTaskDataMapper,ChukwaRecord,adaptor
JobHistoryTaskDataMapper,FSMBuilder,adaptor
JobHistoryTaskDataMapper,MapReduceBase,adaptor
JobHistoryTaskDataMapper,Mapper,adaptor
JobHistoryTaskDataMapper,Log,adaptor
JobHistoryTaskDataMapper,OutputCollector,adaptor
JobHistoryTaskDataMapper,Reporter,adaptor
JobHistoryTaskDataMapper,ParseUtilities,adaptor
JobHistoryTaskDataMapper,LogFactory,adaptor
ParseUtilities,FSMIntermedEntry,no_match
TaskTrackerClientTraceMapper,FSMIntermedEntry,adaptor
TaskTrackerClientTraceMapper,FSMType,adaptor
TaskTrackerClientTraceMapper,StateType,adaptor
TaskTrackerClientTraceMapper,MapRedState,adaptor
TaskTrackerClientTraceMapper,ChukwaRecordKey,adaptor
TaskTrackerClientTraceMapper,ChukwaRecord,adaptor
TaskTrackerClientTraceMapper,FSMBuilder,adaptor
TaskTrackerClientTraceMapper,MapReduceBase,adaptor
TaskTrackerClientTraceMapper,Mapper,adaptor
TaskTrackerClientTraceMapper,Log,adaptor
TaskTrackerClientTraceMapper,OutputCollector,adaptor
TaskTrackerClientTraceMapper,Reporter,adaptor
TaskTrackerClientTraceMapper,LogFactory,adaptor
Heatmap,XssFilter,adaptor
Heatmap,Display,adaptor
Heatmap,Heatmap$1,adaptor
Heatmap,ColorMap,adaptor
Heatmap,GridLayout,adaptor
Heatmap,ActionList,adaptor
Heatmap,Table,adaptor
Heatmap,Visualization,adaptor
Heatmap,ShapeAction,adaptor
Heatmap,SpecifiedLayout,adaptor
Heatmap,OfflineTimeHandler,adaptor
Heatmap,TimeHandler,adaptor
Heatmap,DatabaseWriter,adaptor
Heatmap,Macro,adaptor
Heatmap,Heatmap$HeatmapData,adaptor
Heatmap,Log,adaptor
Heatmap,VisualTable,adaptor
Heatmap,ColorLib,adaptor
Heatmap,VisualItem,adaptor
Heatmap,LogFactory,adaptor
Heatmap,RendererFactory,adaptor
Heatmap,Action,adaptor
Heatmap,Activity,adaptor
Heatmap$1,ShapeRenderer,no_match
Heatmap$1,AxisRenderer,no_match
Heatmap$1,PolygonRenderer,no_match
Heatmap$1,LabelRenderer,no_match
Heatmap$1,RendererFactory,no_match
Heatmap$1,AbstractShapeRenderer,no_match
Heatmap$1,Renderer,no_match
Heatmap$1,Heatmap,no_match
Heatmap$1,VisualItem,no_match
Heatmap$HeatmapData,Table,no_match
Heatmap$HeatmapData,Heatmap,no_match
Swimlanes,XssFilter,adaptor
Swimlanes,Display,adaptor
Swimlanes,Swimlanes$1,adaptor
Swimlanes,Table,adaptor
Swimlanes,Swimlanes$SwimlanesStatePalette,adaptor
Swimlanes,Visualization,adaptor
Swimlanes,Swimlanes$MapReduceSwimlanes,adaptor
Swimlanes,ActionList,adaptor
Swimlanes,AxisLayout,adaptor
Swimlanes,NumberRangeModel,adaptor
Swimlanes,Swimlanes$CoordScaler,adaptor
Swimlanes,Swimlanes$SwimlanesStateAction,adaptor
Swimlanes,AxisLabelLayout,adaptor
Swimlanes,SpecifiedLayout,adaptor
Swimlanes,ShapeAction,adaptor
Swimlanes,OfflineTimeHandler,adaptor
Swimlanes,TimeHandler,adaptor
Swimlanes,DatabaseWriter,adaptor
Swimlanes,Macro,adaptor
Swimlanes,DefaultSQLDataHandler,adaptor
Swimlanes,DataIOException,adaptor
Swimlanes,Log,adaptor
Swimlanes,ColumnMetadata,adaptor
Swimlanes,VisualTable,adaptor
Swimlanes,DatabaseDataSource,adaptor
Swimlanes,ColorLib,adaptor
Swimlanes,VisualItem,adaptor
Swimlanes,VisiblePredicate,adaptor
Swimlanes,ConnectionFactory,adaptor
Swimlanes,LogFactory,adaptor
Swimlanes,RendererFactory,adaptor
Swimlanes,Predicate,adaptor
Swimlanes,ValuedRangeModel,adaptor
Swimlanes,Action,adaptor
Swimlanes,Activity,adaptor
Swimlanes$1,ShapeRenderer,no_match
Swimlanes$1,AxisRenderer,no_match
Swimlanes$1,PolygonRenderer,no_match
Swimlanes$1,LabelRenderer,no_match
Swimlanes$1,RendererFactory,no_match
Swimlanes$1,AbstractShapeRenderer,no_match
Swimlanes$1,Renderer,no_match
Swimlanes$1,Swimlanes,no_match
Swimlanes$1,VisualItem,no_match
Swimlanes$CoordScaler,Swimlanes,no_match
Swimlanes$MapReduceSwimlanes,Table,no_match
Swimlanes$MapReduceSwimlanes,Predicate,no_match
Swimlanes$MapReduceSwimlanes,Tuple,no_match
Swimlanes$MapReduceSwimlanes,Swimlanes,no_match
Swimlanes$MapReduceSwimlanes,IntIterator,no_match
Swimlanes$MapReduceSwimlanes,Visualization,no_match
Swimlanes$MapReduceSwimlanes,VisualTable,no_match
Swimlanes$MapReduceSwimlanes,ExpressionParser,no_match
Swimlanes$MapReduceSwimlanes,Expression,no_match
Swimlanes$SwimlanesStateAction,Swimlanes$SwimlanesStatePalette,no_match
Swimlanes$SwimlanesStateAction,VisualItem,no_match
Swimlanes$SwimlanesStateAction,GroupAction,no_match
Swimlanes$SwimlanesStateAction,Swimlanes$CoordScaler,no_match
Swimlanes$SwimlanesStateAction,Swimlanes,no_match
Swimlanes$SwimlanesStateAction,Visualization,no_match
Swimlanes$SwimlanesStatePalette,ColorLib,no_match
Swimlanes$SwimlanesStatePalette,Swimlanes,no_match
ChukwaConfiguration,Path,no_match
ChukwaConfiguration,Configuration,no_match
ChukwaConfiguration,Logger,no_match
Aggregator,Macro,no_match
Aggregator,DatabaseWriter,no_match
Aggregator,Log,no_match
Aggregator,LogFactory,no_match
DataExpiration,DatabaseConfig,no_match
DataExpiration,DatabaseWriter,no_match
DataExpiration,Log,no_match
DataExpiration,LogFactory,no_match
DatabaseConfig,Path,adaptor
DatabaseConfig,Configuration,adaptor
DatabaseConfig,Log,adaptor
DatabaseConfig,LogFactory,adaptor
Macro,DatabaseWriter,adaptor
Macro,DatabaseConfig,adaptor
Macro,Log,adaptor
Macro,LogFactory,adaptor
MetricsAggregation,DatabaseConfig,no_match
MetricsAggregation,Log,no_match
MetricsAggregation,DriverManagerUtil,no_match
MetricsAggregation,LogFactory,no_match
TableCreator,DatabaseConfig,no_match
TableCreator,DatabaseWriter,no_match
TableCreator,Log,no_match
TableCreator,ExceptionUtil,no_match
TableCreator,LogFactory,no_match
ChunkQueue,ChunkReceiver,no_match
ChunkQueue,Chunk,no_match
ChunkReceiver,Chunk,no_match
DataFactory,MemLimitQueue,no_match
DataFactory,RetryListOfCollectors,no_match
DataFactory,Logger,no_match
DataFactory,ChunkQueue,no_match
DataFactory,Configuration,no_match
AbstractAdaptor,Adaptor,adaptor
AbstractAdaptor,ChunkReceiver,adaptor
AbstractAdaptor,AdaptorManager,adaptor
AbstractAdaptor,AdaptorException,adaptor
AbstractAdaptor,AdaptorShutdownPolicy,adaptor
AbstractWrapper,NotifyOnCommitAdaptor,adaptor
AbstractWrapper,ChunkReceiver,adaptor
AbstractWrapper,Adaptor,adaptor
AbstractWrapper,AdaptorManager,adaptor
AbstractWrapper,AdaptorShutdownPolicy,adaptor
AbstractWrapper,AdaptorException,adaptor
AbstractWrapper,Chunk,adaptor
AbstractWrapper,AdaptorFactory,adaptor
Adaptor,ChunkReceiver,adaptor
Adaptor,AdaptorException,adaptor
Adaptor,AdaptorManager,adaptor
Adaptor,AdaptorShutdownPolicy,adaptor
DirTailingAdaptor,AdaptorException,no_match
DirTailingAdaptor,WildcardFileFilter,no_match
DirTailingAdaptor,AbstractAdaptor,no_match
DirTailingAdaptor,Logger,no_match
DirTailingAdaptor,IOFileFilter,no_match
DirTailingAdaptor,AdaptorShutdownPolicy,no_match
DirTailingAdaptor,AdaptorManager,no_match
DirTailingAdaptor,Configuration,no_match
DirTailingAdaptor,FileFilterUtils,no_match
DirTailingAdaptor,FileUtils,no_match
DirTailingAdaptor,Adaptor,no_match
ExecAdaptor,ExecAdaptor$EmbeddedExec,adaptor
ExecAdaptor,ExecAdaptor$RunToolTask,adaptor
ExecAdaptor,AbstractAdaptor,adaptor
ExecAdaptor,ExecAdaptor$1,adaptor
ExecAdaptor,Logger,adaptor
ExecAdaptor,AdaptorShutdownPolicy,adaptor
ExecAdaptor,AdaptorException,adaptor
ExecAdaptor$1,ExecAdaptor,no_match
ExecAdaptor$1,AdaptorShutdownPolicy,no_match
ExecAdaptor$EmbeddedExec,ExecPlugin,no_match
ExecAdaptor$EmbeddedExec,ExecAdaptor,no_match
ExecAdaptor$RunToolTask,ISO8601DateFormat,no_match
ExecAdaptor$RunToolTask,ChunkImpl,no_match
ExecAdaptor$RunToolTask,JSONException,no_match
ExecAdaptor$RunToolTask,ExecAdaptor,no_match
ExecAdaptor$RunToolTask,JSONObject,no_match
ExecAdaptor$RunToolTask,Logger,no_match
ExecAdaptor$RunToolTask,ExecAdaptor$EmbeddedExec,no_match
ExecAdaptor$RunToolTask,AdaptorManager,no_match
ExecAdaptor$RunToolTask,ChunkReceiver,no_match
ExecAdaptor$RunToolTask,Adaptor,no_match
ExecAdaptor$RunToolTask,Chunk,no_match
FileAdaptor,ChunkImpl,adaptor
FileAdaptor,FileAdaptorTailer,adaptor
FileAdaptor,AbstractAdaptor,adaptor
FileAdaptor,FileAdaptor$1,adaptor
FileAdaptor,Logger,adaptor
FileAdaptor,AdaptorShutdownPolicy,adaptor
FileAdaptor,ChunkReceiver,adaptor
FileAdaptor,AdaptorManager,adaptor
FileAdaptor,Configuration,adaptor
FileAdaptor,Adaptor,adaptor
FileAdaptor,Chunk,adaptor
FileAdaptor$1,FileAdaptor,no_match
FileAdaptor$1,AdaptorShutdownPolicy,no_match
FileAdaptorTailer,FileAdaptor,no_match
FileAdaptorTailer,Logger,no_match
FileAdaptorTailer,Configuration,no_match
FileAdaptorTailer,ChukwaAgent,no_match
MemBuffered,MemBuffered$MemBuf,adaptor
MemBuffered,Chunk,adaptor
MemBuffered,AdaptorException,adaptor
MemBuffered,AbstractWrapper,adaptor
MemBuffered,ChunkReceiver,adaptor
MemBuffered,AdaptorShutdownPolicy,adaptor
MemBuffered,AdaptorManager,adaptor
MemBuffered,Configuration,adaptor
MemBuffered,Adaptor,adaptor
MemBuffered$MemBuf,Chunk,no_match
MemBuffered$MemBuf,MemBuffered,no_match
NotifyOnCommitAdaptor,Adaptor,no_match
UDPAdaptor,UDPAdaptor$ListenThread,adaptor
UDPAdaptor,AdaptorException,adaptor
UDPAdaptor,AbstractAdaptor,adaptor
UDPAdaptor,Logger,adaptor
UDPAdaptor,AdaptorShutdownPolicy,adaptor
UDPAdaptor$ListenThread,ChunkImpl,no_match
UDPAdaptor$ListenThread,UDPAdaptor,no_match
UDPAdaptor$ListenThread,Chunk,no_match
UDPAdaptor$ListenThread,Logger,no_match
UDPAdaptor$ListenThread,ChunkReceiver,no_match
UDPAdaptor$ListenThread,Adaptor,no_match
WriteaheadBuffered,AdaptorException,adaptor
WriteaheadBuffered,AbstractWrapper,adaptor
WriteaheadBuffered,Logger,adaptor
WriteaheadBuffered,Chunk,adaptor
WriteaheadBuffered,ChunkReceiver,adaptor
WriteaheadBuffered,AdaptorShutdownPolicy,adaptor
WriteaheadBuffered,ChunkImpl,adaptor
WriteaheadBuffered,Adaptor,adaptor
CharFileTailingAdaptorUTF8,ChunkImpl,adaptor
CharFileTailingAdaptorUTF8,FileTailingAdaptor,adaptor
CharFileTailingAdaptorUTF8,ChunkReceiver,adaptor
CharFileTailingAdaptorUTF8,Adaptor,adaptor
CharFileTailingAdaptorUTF8,Chunk,adaptor
CharFileTailingAdaptorUTF8NewLineEscaped,ChunkImpl,adaptor
CharFileTailingAdaptorUTF8NewLineEscaped,FileTailingAdaptor,adaptor
CharFileTailingAdaptorUTF8NewLineEscaped,ChunkReceiver,adaptor
CharFileTailingAdaptorUTF8NewLineEscaped,RecordConstants,adaptor
CharFileTailingAdaptorUTF8NewLineEscaped,Adaptor,adaptor
CharFileTailingAdaptorUTF8NewLineEscaped,Chunk,adaptor
FileTailer,LWFTAdaptor,no_match
FileTailer,Logger,no_match
FileTailer,Configuration,no_match
FileTailingAdaptor,TerminatorThread,io
FileTailingAdaptor,LWFTAdaptor,io
FileTailingAdaptor,FileTailingAdaptor$1,io
FileTailingAdaptor,AdaptorShutdownPolicy,io
FileTailingAdaptor,Logger,io
FileTailingAdaptor,FileTailer,io
FileTailingAdaptor$1,FileTailingAdaptor,no_match
FileTailingAdaptor$1,AdaptorShutdownPolicy,no_match
LWFTAdaptor,FileTailer,adaptor
LWFTAdaptor,ChunkImpl,adaptor
LWFTAdaptor,FileTailingAdaptor,adaptor
LWFTAdaptor,AbstractAdaptor,adaptor
LWFTAdaptor,Logger,adaptor
LWFTAdaptor,Configuration,adaptor
LWFTAdaptor,AdaptorShutdownPolicy,adaptor
LWFTAdaptor,AdaptorException,adaptor
LWFTAdaptor,ChunkReceiver,adaptor
LWFTAdaptor,AdaptorManager,adaptor
LWFTAdaptor,Adaptor,adaptor
LWFTAdaptor,Chunk,adaptor
RCheckFTAdaptor,RCheckFTAdaptor$FPair,io
RCheckFTAdaptor,LWFTAdaptor,io
RCheckFTAdaptor,Logger,io
RCheckFTAdaptor$FPair,RCheckFTAdaptor,no_match
TerminatorThread,Logger,no_match
TerminatorThread,FileTailingAdaptor,no_match
AdaptorFactory,Adaptor,adaptor
AdaptorFactory,ChukwaAgent,adaptor
AdaptorFactory,Logger,adaptor
AdaptorManager,AdaptorManager$1,adaptor
AdaptorManager,Configuration,adaptor
AdaptorManager,AdaptorShutdownPolicy,adaptor
AdaptorManager,Adaptor,adaptor
AdaptorManager$1,Configuration,no_match
AdaptorManager$1,AdaptorManager,no_match
AdaptorManager$1,Adaptor,no_match
AdaptorManager$1,AdaptorShutdownPolicy,no_match
AdaptorResetThread,AdaptorResetThread$AdaptorStat,adaptor
AdaptorResetThread,Adaptor,adaptor
AdaptorResetThread,ChukwaHttpSender$CommitListEntry,adaptor
AdaptorResetThread,Logger,adaptor
AdaptorResetThread,ChukwaAgent,adaptor
AdaptorResetThread,Configuration,adaptor
AdaptorResetThread,ChukwaAgent$Offset,adaptor
AdaptorResetThread,AdaptorShutdownPolicy,adaptor
AdaptorResetThread,ChukwaHttpSender,adaptor
AdaptorResetThread$AdaptorStat,AdaptorResetThread,no_match
AgentControlSocketListener,AgentControlSocketListener$ListenThread,adaptor
AgentControlSocketListener,Logger,adaptor
AgentControlSocketListener,ChukwaAgent,adaptor
AgentControlSocketListener,Configuration,adaptor
AgentControlSocketListener$ListenThread,AdaptorException,no_match
AgentControlSocketListener$ListenThread,AgentControlSocketListener,no_match
AgentControlSocketListener$ListenThread,Logger,no_match
AgentControlSocketListener$ListenThread,ChukwaAgent,no_match
AgentControlSocketListener$ListenThread,AdaptorShutdownPolicy,no_match
AgentControlSocketListener$ListenThread,Connector,no_match
ChukwaAgent,ConsoleOutConnector,adaptor
ChukwaAgent,HttpConnector,adaptor
ChukwaAgent,ChukwaAgent$AlreadyRunningException,adaptor
ChukwaAgent,Configuration,adaptor
ChukwaAgent,AgentControlSocketListener,adaptor
ChukwaAgent,ChukwaAgent$CheckpointTask,adaptor
ChukwaAgent,AdaptorException,adaptor
ChukwaAgent,ChukwaAgent$Offset,adaptor
ChukwaAgent,Adaptor,adaptor
ChukwaAgent,ChukwaAgent$1,adaptor
ChukwaAgent,NotifyOnCommitAdaptor,adaptor
ChukwaAgent,Path,adaptor
ChukwaAgent,AgentMetrics,adaptor
ChukwaAgent,AdaptorManager,adaptor
ChukwaAgent,Logger,adaptor
ChukwaAgent,Connector,adaptor
ChukwaAgent,AdaptorShutdownPolicy,adaptor
ChukwaAgent,DaemonWatcher,adaptor
ChukwaAgent,DataFactory,adaptor
ChukwaAgent,AdaptorFactory,adaptor
ChukwaAgent,AdaptorNamingUtils,adaptor
ChukwaAgent,MetricsIntValue,adaptor
ChukwaAgent,MetricsTimeVaryingInt,adaptor
ChukwaAgent,ChunkQueue,adaptor
ChukwaAgent,ChunkReceiver,adaptor
ChukwaAgent$1,ChukwaAgent,no_match
ChukwaAgent$AlreadyRunningException,ChukwaAgent,no_match
ChukwaAgent$CheckpointTask,ChukwaAgent,no_match
ChukwaAgent$CheckpointTask,ChukwaAgent$1,no_match
ChukwaAgent$CheckpointTask,Logger,no_match
ChukwaAgent$Offset,ChukwaAgent,no_match
MemLimitQueue,Chunk,no_match
MemLimitQueue,WaitingQueue,no_match
MemLimitQueue,ChunkQueueMetrics,no_match
MemLimitQueue,ChunkQueue,no_match
MemLimitQueue,Logger,no_match
MemLimitQueue,MetricsIntValue,no_match
MemLimitQueue,MetricsTimeVaryingInt,no_match
MemLimitQueue,MetricsLongValue,no_match
WaitingQueue,ChunkQueue,no_match
WaitingQueue,Logger,no_match
WaitingQueue,Chunk,no_match
AgentActivityMBean,MetricsDynamicMBeanBase,no_match
AgentActivityMBean,MetricsRegistry,no_match
AgentActivityMBean,MBeanUtil,no_match
AgentMetrics,MetricsRegistry,no_match
AgentMetrics,MetricsIntValue,no_match
AgentMetrics,MetricsTimeVaryingInt,no_match
AgentMetrics,AgentActivityMBean,no_match
AgentMetrics,MetricsBase,no_match
AgentMetrics,Updater,no_match
AgentMetrics,MetricsRecord,no_match
AgentMetrics,MetricsContext,no_match
AgentMetrics,MetricsUtil,no_match
ChunkQueueActivityMBean,MetricsDynamicMBeanBase,no_match
ChunkQueueActivityMBean,MetricsRegistry,no_match
ChunkQueueActivityMBean,MBeanUtil,no_match
ChunkQueueMetrics,MetricsRegistry,no_match
ChunkQueueMetrics,MetricsIntValue,no_match
ChunkQueueMetrics,MetricsLongValue,no_match
ChunkQueueMetrics,MetricsTimeVaryingInt,no_match
ChunkQueueMetrics,ChunkQueueActivityMBean,no_match
ChunkQueueMetrics,MetricsBase,no_match
ChunkQueueMetrics,Updater,no_match
ChunkQueueMetrics,MetricsRecord,no_match
ChunkQueueMetrics,MetricsContext,no_match
ChunkQueueMetrics,MetricsUtil,no_match
CollectorStub,ChukwaConfiguration,no_match
CollectorStub,ServletCollector,no_match
CollectorStub,ConsoleWriter,no_match
CollectorStub,SelectChannelConnector,no_match
CollectorStub,Server,no_match
CollectorStub,Connector,no_match
CollectorStub,BoundedThreadPool,no_match
CollectorStub,Context,no_match
CollectorStub,ServletHolder,no_match
CollectorStub,CommitCheckServlet,no_match
CollectorStub,LogDisplayServlet,no_match
CollectorStub,ChukwaWriter,no_match
CollectorStub,DaemonWatcher,no_match
CollectorStub,Configuration,no_match
CollectorStub,ThreadPool,no_match
CollectorStub,HandlerContainer,no_match
CommitCheckServlet,CommitCheckServlet$CommitCheckThread,adaptor
CommitCheckServlet,Logger,adaptor
CommitCheckServlet,Configuration,adaptor
CommitCheckServlet,FileSystem,adaptor
CommitCheckServlet$CommitCheckThread,Path,no_match
CommitCheckServlet$CommitCheckThread,CommitCheckServlet$CommitCheckThread$PurgeTask,no_match
CommitCheckServlet$CommitCheckThread,CHUKWA_CONSTANT,no_match
CommitCheckServlet$CommitCheckThread,FileSystem,no_match
CommitCheckServlet$CommitCheckThread,Configuration,no_match
CommitCheckServlet$CommitCheckThread,FileStatus,no_match
CommitCheckServlet$CommitCheckThread,CommitCheckServlet,no_match
CommitCheckServlet$CommitCheckThread,Logger,no_match
CommitCheckServlet$CommitCheckThread,SinkArchiver,no_match
CommitCheckServlet$CommitCheckThread,PathFilter,no_match
CommitCheckServlet$CommitCheckThread$PurgeTask,CommitCheckServlet$CommitCheckThread,no_match
CommitCheckServlet$CommitCheckThread$PurgeTask,CommitCheckServlet,no_match
LogDisplayServlet,Configuration,no_match
LogDisplayServlet,Chunk,no_match
LogDisplayServlet,Logger,no_match
LogDisplayServlet,ExtractorWriter,no_match
ServletCollector,ServletCollector$1,no_match
ServletCollector,SeqFileWriter,no_match
ServletCollector,ChukwaWriter,no_match
ServletCollector,ServletDiagnostics,no_match
ServletCollector,Chunk,no_match
ServletCollector,ChukwaWriter$COMMIT_PENDING,no_match
ServletCollector,WriterException,no_match
ServletCollector,Logger,no_match
ServletCollector,Configuration,no_match
ServletCollector,ChunkImpl,no_match
ServletCollector,ChukwaWriter$CommitStatus,no_match
ServletCollector,DaemonWatcher,no_match
ServletCollector$1,ServletCollector,no_match
ServletCollector$1,Logger,no_match
ServletDiagnostics,ServletDiagnostics$PostStats,adaptor
ServletDiagnostics,Logger,adaptor
ServletDiagnostics,ChunkImpl,adaptor
ServletDiagnostics$PostStats,ChunkImpl,no_match
ServletDiagnostics$PostStats,ServletDiagnostics,no_match
ServletDiagnostics$PostStats,Logger,no_match
ChunkCatcherConnector,ChunkCatcherConnector$Interruptor,no_match
ChunkCatcherConnector,Chunk,no_match
ChunkCatcherConnector,Connector,no_match
ChunkCatcherConnector,ChunkQueue,no_match
ChunkCatcherConnector,DataFactory,no_match
ChunkCatcherConnector$Interruptor,ChunkCatcherConnector,no_match
HttpConnector,HttpConnector$1,no_match
HttpConnector,AsyncAckSender,no_match
HttpConnector,ChukwaHttpSender,no_match
HttpConnector,ChukwaHttpSender$CommitListEntry,no_match
HttpConnector,Connector,no_match
HttpConnector,Logger,no_match
HttpConnector,ChunkQueue,no_match
HttpConnector,ChukwaAgent,no_match
HttpConnector,ChukwaSender,no_match
HttpConnector,Configuration,no_match
HttpConnector,Chunk,no_match
HttpConnector,DataFactory,no_match
HttpConnector,DaemonWatcher,no_match
HttpConnector,Adaptor,no_match
HttpConnector$1,HttpConnector,no_match
HttpConnector$1,Logger,no_match
ChukwaAgentController,ChukwaAgentController$Adaptor,adaptor
ChukwaAgentController,ChukwaAgentController$AddAdaptorTask,adaptor
ChukwaAgentController,Logger,adaptor
ChukwaAgentController$Adaptor,ChukwaAgentController,no_match
ChukwaAgentController$Adaptor,Logger,no_match
ChukwaAgentController$AddAdaptorTask,ChukwaAgentController,no_match
ChukwaAgentController$AddAdaptorTask,Logger,no_match
ClientFinalizer,ChukwaAgentController,no_match
ClientFinalizer,LogLog,no_match
AsyncAckSender,AdaptorResetThread,adaptor
AsyncAckSender,RetryListOfCollectors,adaptor
AsyncAckSender,AsyncAckSender$CommitPollThread,adaptor
AsyncAckSender,AsyncAckSender$DelayedCommit,adaptor
AsyncAckSender,ChukwaHttpSender$CommitListEntry,adaptor
AsyncAckSender,ChukwaHttpSender,adaptor
AsyncAckSender,Logger,adaptor
AsyncAckSender,ChukwaAgent,adaptor
AsyncAckSender,Configuration,adaptor
AsyncAckSender,PostMethod,adaptor
AsyncAckSender,DataFactory,adaptor
AsyncAckSender,Adaptor,adaptor
AsyncAckSender,HttpMethodBase,adaptor
AsyncAckSender$CommitPollThread,ChukwaHttpSender,no_match
AsyncAckSender$CommitPollThread,AsyncAckSender$DelayedCommit,no_match
AsyncAckSender$CommitPollThread,GetMethod,no_match
AsyncAckSender$CommitPollThread,AsyncAckSender,no_match
AsyncAckSender$CommitPollThread,Configuration,no_match
AsyncAckSender$CommitPollThread,ChukwaAgent$Offset,no_match
AsyncAckSender$CommitPollThread,Adaptor,no_match
AsyncAckSender$CommitPollThread,Logger,no_match
AsyncAckSender$CommitPollThread,ChukwaAgent,no_match
AsyncAckSender$CommitPollThread,AdaptorResetThread,no_match
AsyncAckSender$CommitPollThread,HttpMethodBase,no_match
AsyncAckSender$DelayedCommit,ChukwaHttpSender$CommitListEntry,no_match
AsyncAckSender$DelayedCommit,Adaptor,no_match
AsyncAckSender$DelayedCommit,AsyncAckSender,no_match
AsyncAckSender$DelayedCommit,ChukwaHttpSender,no_match
ChukwaHttpSender,Chunk,adaptor
ChukwaHttpSender,DataOutputBuffer,adaptor
ChukwaHttpSender,ChukwaHttpSender$CommitListEntry,adaptor
ChukwaHttpSender,ChukwaHttpSender$BuffersRequestEntity,adaptor
ChukwaHttpSender,PostMethod,adaptor
ChukwaHttpSender,ChukwaHttpSender$1,adaptor
ChukwaHttpSender,HttpException,adaptor
ChukwaHttpSender,HttpSenderMetrics,adaptor
ChukwaHttpSender,MultiThreadedHttpConnectionManager,adaptor
ChukwaHttpSender,HttpClient,adaptor
ChukwaHttpSender,ChukwaSender,adaptor
ChukwaHttpSender,Logger,adaptor
ChukwaHttpSender,Configuration,adaptor
ChukwaHttpSender,RequestEntity,adaptor
ChukwaHttpSender,HttpMethodBase,adaptor
ChukwaHttpSender,HttpMethodParams,adaptor
ChukwaHttpSender,MetricsTimeVaryingInt,adaptor
ChukwaHttpSender,Adaptor,adaptor
ChukwaHttpSender,HttpMethod,adaptor
ChukwaHttpSender,StatusLine,adaptor
ChukwaHttpSender,HttpConnectionManager,adaptor
ChukwaHttpSender$1,HttpMethodRetryHandler,no_match
ChukwaHttpSender$1,ChukwaHttpSender,no_match
ChukwaHttpSender$1,HttpMethod,no_match
ChukwaHttpSender$1,HttpMethodBase,no_match
ChukwaHttpSender$BuffersRequestEntity,DataOutputBuffer,no_match
ChukwaHttpSender$BuffersRequestEntity,RequestEntity,no_match
ChukwaHttpSender$BuffersRequestEntity,ChukwaHttpSender,no_match
ChukwaHttpSender$CommitListEntry,Adaptor,no_match
ChukwaHttpSender$CommitListEntry,ChukwaHttpSender,no_match
ChukwaSender,ChukwaHttpSender$CommitListEntry,no_match
ChukwaSender,Chunk,no_match
ChukwaSender,ChukwaHttpSender,no_match
RetryListOfCollectors,Configuration,no_match
HttpSenderActivityMBean,MetricsDynamicMBeanBase,no_match
HttpSenderActivityMBean,MetricsRegistry,no_match
HttpSenderActivityMBean,MBeanUtil,no_match
HttpSenderMetrics,MetricsRegistry,no_match
HttpSenderMetrics,MetricsTimeVaryingInt,no_match
HttpSenderMetrics,HttpSenderActivityMBean,no_match
HttpSenderMetrics,MetricsBase,no_match
HttpSenderMetrics,Updater,no_match
HttpSenderMetrics,MetricsRecord,no_match
HttpSenderMetrics,MetricsContext,no_match
HttpSenderMetrics,MetricsUtil,no_match
ConsoleOutConnector,Chunk,no_match
ConsoleOutConnector,Connector,no_match
ConsoleOutConnector,ChukwaAgent,no_match
ConsoleOutConnector,ChunkQueue,no_match
ConsoleOutConnector,DataFactory,no_match
ConsoleOutConnector,Adaptor,no_match
FilePerPostWriter,Path,no_match
FilePerPostWriter,ChukwaArchiveKey,no_match
FilePerPostWriter,ChunkImpl,no_match
FilePerPostWriter,Chunk,no_match
FilePerPostWriter,WriterException,no_match
FilePerPostWriter,SeqFileWriter$StatReportingTask,no_match
FilePerPostWriter,SeqFileWriter,no_match
FilePerPostWriter,FileSystem,no_match
FilePerPostWriter,Configuration,no_match
FilePerPostWriter,ChukwaWriter$CommitStatus,no_match
FilePerPostWriter,FSDataOutputStream,no_match
FilePerPostWriter,SequenceFile$Writer,no_match
FilePerPostWriter,SequenceFile$CompressionType,no_match
FilePerPostWriter,SequenceFile,no_match
FilePerPostWriter,ChukwaWriter,no_match
FilePerPostWriter,CompressionCodec,no_match
FileTailerStressTest,Server,no_match
FileTailerStressTest,Context,no_match
FileTailerStressTest,Configuration,no_match
FileTailerStressTest,ServletCollector,no_match
FileTailerStressTest,ConsoleWriter,no_match
FileTailerStressTest,ServletHolder,no_match
FileTailerStressTest,ChukwaAgent,no_match
FileTailerStressTest,HttpConnector,no_match
FileTailerStressTest,ChukwaConfiguration,no_match
FileTailerStressTest,ChukwaAgentController,no_match
FileTailerStressTest,FileTailerStressTest$OccasionalWriterThread,no_match
FileTailerStressTest,HandlerContainer,no_match
FileTailerStressTest,ChukwaWriter,no_match
FileTailerStressTest$OccasionalWriterThread,FileTailerStressTest,no_match
SinkFileValidator,Configuration,no_match
SinkFileValidator,SequenceFile$Reader,no_match
SinkFileValidator,Path,no_match
SinkFileValidator,ChukwaArchiveKey,no_match
SinkFileValidator,Writable,no_match
SinkFileValidator,FileSystem,no_match
SinkFileValidator,ChunkImpl,no_match
SinkFileValidator,SequenceFile,no_match
SinkFileValidator,LocalFileSystem,no_match
ChukwaWriter,ChukwaWriter$1,no_match
ChukwaWriter,ChukwaWriter$2,no_match
ChukwaWriter,ChukwaWriter$COMMIT_PENDING,no_match
ChukwaWriter,ChukwaWriter$CommitStatus,no_match
ChukwaWriter,Configuration,no_match
ChukwaWriter,WriterException,no_match
ChukwaWriter,Chunk,no_match
ChukwaWriter$1,ChukwaWriter$CommitStatus,no_match
ChukwaWriter$1,ChukwaWriter,no_match
ChukwaWriter$2,ChukwaWriter$CommitStatus,no_match
ChukwaWriter$2,ChukwaWriter,no_match
ChukwaWriter$COMMIT_PENDING,ChukwaWriter$CommitStatus,no_match
ChukwaWriter$COMMIT_PENDING,ChukwaWriter,no_match
ChukwaWriter$CommitStatus,ChukwaWriter,no_match
ClientAck,Logger,no_match
ConsoleWriter,ConsoleWriter$StatReportingTask,no_match
ConsoleWriter,Chunk,no_match
ConsoleWriter,ChukwaWriter,no_match
ConsoleWriter,ConsoleWriter$1,no_match
ConsoleWriter,Configuration,no_match
ConsoleWriter,WriterException,no_match
ConsoleWriter,ChukwaWriter$CommitStatus,no_match
ConsoleWriter$1,ConsoleWriter,no_match
ConsoleWriter$StatReportingTask,ConsoleWriter,no_match
ConsoleWriter$StatReportingTask,ConsoleWriter$1,no_match
Dedup,Chunk,no_match
Dedup,Dedup$DedupKey,no_match
Dedup,Dedup$FixedSizeCache,no_match
Dedup,PipelineableWriter,no_match
Dedup,ChukwaWriter$CommitStatus,no_match
Dedup,WriterException,no_match
Dedup,Configuration,no_match
Dedup,ChukwaWriter,no_match
Dedup$DedupKey,Dedup,no_match
Dedup$FixedSizeCache,Dedup,no_match
ExtractorWriter,PipelineableWriter,no_match
ExtractorWriter,LogDisplayServlet,no_match
ExtractorWriter,WriterException,no_match
ExtractorWriter,Configuration,no_match
ExtractorWriter,ChukwaWriter$CommitStatus,no_match
ExtractorWriter,Chunk,no_match
ExtractorWriter,ChukwaWriter,no_match
InMemoryWriter,WriterException,no_match
InMemoryWriter,Chunk,no_match
InMemoryWriter,ChukwaWriter,no_match
InMemoryWriter,Configuration,no_match
InMemoryWriter,ChukwaWriter$CommitStatus,no_match
InMemoryWriter,ChunkImpl,no_match
NullWriter,Chunk,no_match
NullWriter,ChukwaWriter,no_match
NullWriter,ChukwaWriter$CommitStatus,no_match
NullWriter,WriterException,no_match
NullWriter,Configuration,no_match
PipelineStageWriter,PipelineableWriter,no_match
PipelineStageWriter,ChukwaWriter,no_match
PipelineStageWriter,WriterException,no_match
PipelineStageWriter,Logger,no_match
PipelineStageWriter,ChukwaWriter$CommitStatus,no_match
PipelineStageWriter,Chunk,no_match
PipelineStageWriter,Configuration,no_match
PipelineableWriter,ChukwaWriter,no_match
PipelineableWriter,ChukwaWriter$CommitStatus,no_match
PipelineableWriter,Chunk,no_match
PipelineableWriter,WriterException,no_match
SeqFileWriter,WriterException,adaptor
SeqFileWriter,SeqFileWriter$StatReportingTask,adaptor
SeqFileWriter,Path,adaptor
SeqFileWriter,ChukwaArchiveKey,adaptor
SeqFileWriter,ChunkImpl,adaptor
SeqFileWriter,SeqFileWriter$1,adaptor
SeqFileWriter,ChukwaWriter$COMMIT_PENDING,adaptor
SeqFileWriter,Chunk,adaptor
SeqFileWriter,PipelineableWriter,adaptor
SeqFileWriter,ChukwaWriter,adaptor
SeqFileWriter,Logger,adaptor
SeqFileWriter,FileSystem,adaptor
SeqFileWriter,Configuration,adaptor
SeqFileWriter,FSDataOutputStream,adaptor
SeqFileWriter,SequenceFile$Writer,adaptor
SeqFileWriter,ChukwaWriter$CommitStatus,adaptor
SeqFileWriter,DaemonWatcher,adaptor
SeqFileWriter,SequenceFile$CompressionType,adaptor
SeqFileWriter,SequenceFile,adaptor
SeqFileWriter,CompressionCodec,adaptor
SeqFileWriter$1,SeqFileWriter,no_match
SeqFileWriter$StatReportingTask,SeqFileWriter,no_match
SeqFileWriter$StatReportingTask,Logger,no_match
SocketTeeWriter,SocketTeeWriter$Tee,no_match
SocketTeeWriter,Chunk,no_match
SocketTeeWriter,SocketTeeWriter$SocketListenThread,no_match
SocketTeeWriter,WriterException,no_match
SocketTeeWriter,PipelineableWriter,no_match
SocketTeeWriter,SocketTeeWriter$DataFormat,no_match
SocketTeeWriter,Logger,no_match
SocketTeeWriter,ChukwaWriter,no_match
SocketTeeWriter,ChukwaWriter$CommitStatus,no_match
SocketTeeWriter,Configuration,no_match
SocketTeeWriter$DataFormat,SocketTeeWriter,no_match
SocketTeeWriter$SocketListenThread,SocketTeeWriter$Tee,no_match
SocketTeeWriter$SocketListenThread,SocketTeeWriter,no_match
SocketTeeWriter$SocketListenThread,Configuration,no_match
SocketTeeWriter$SocketListenThread,Logger,no_match
SocketTeeWriter$Tee,Chunk,no_match
SocketTeeWriter$Tee,Filter,no_match
SocketTeeWriter$Tee,SocketTeeWriter$DataFormat,no_match
SocketTeeWriter$Tee,SocketTeeWriter,no_match
SocketTeeWriter$Tee,Logger,no_match
LocalToRemoteHdfsMover,Path,no_match
LocalToRemoteHdfsMover,Logger,no_match
LocalToRemoteHdfsMover,FileSystem,no_match
LocalToRemoteHdfsMover,Configuration,no_match
LocalToRemoteHdfsMover,FileStatus,no_match
LocalToRemoteHdfsMover,DaemonWatcher,no_match
LocalToRemoteHdfsMover,LocalFileSystem,no_match
LocalWriter,Path,no_match
LocalWriter,WriterException,no_match
LocalWriter,LocalWriter$RotateTask,no_match
LocalWriter,LocalWriter$StatReportingTask,no_match
LocalWriter,LocalToRemoteHdfsMover,no_match
LocalWriter,ChukwaArchiveKey,no_match
LocalWriter,Chunk,no_match
LocalWriter,ChunkImpl,no_match
LocalWriter,ChukwaWriter,no_match
LocalWriter,LocalWriter$1,no_match
LocalWriter,Logger,no_match
LocalWriter,FileSystem,no_match
LocalWriter,Configuration,no_match
LocalWriter,FSDataOutputStream,no_match
LocalWriter,SequenceFile$Writer,no_match
LocalWriter,FileStatus,no_match
LocalWriter,ChukwaWriter$CommitStatus,no_match
LocalWriter,DaemonWatcher,no_match
LocalWriter,SequenceFile$CompressionType,no_match
LocalWriter,SequenceFile,no_match
LocalWriter,LocalFileSystem,no_match
LocalWriter,CompressionCodec,no_match
LocalWriter$1,LocalWriter,no_match
LocalWriter$RotateTask,LocalWriter,no_match
LocalWriter$RotateTask,LocalWriter$1,no_match
LocalWriter$StatReportingTask,LocalWriter,no_match
LocalWriter$StatReportingTask,LocalWriter$1,no_match
LocalWriter$StatReportingTask,Logger,no_match
DataLoaderFactory,ChukwaConfiguration,no_match
DataLoaderFactory,FileSystem,no_match
DataLoaderFactory,FileStatus,no_match
DataLoaderFactory,Log,no_match
DataLoaderFactory,LogFactory,no_match
FSMDataLoader,Configuration,graphics
FSMDataLoader,Path,graphics
FSMDataLoader,FSMBuilder,graphics
FSMDataLoader,MetricDataLoader,graphics
FSMDataLoader,DataLoaderFactory,graphics
FSMDataLoader,Log,graphics
FSMDataLoader,ChukwaConfiguration,graphics
FSMDataLoader,FileSystem,graphics
FSMDataLoader,FileStatus,graphics
FSMDataLoader,ToolRunner,graphics
FSMDataLoader,ExceptionUtil,graphics
FSMDataLoader,LogFactory,graphics
FSMDataLoader,Tool,graphics
MetricDataLoader,Path,no_match
MetricDataLoader,DatabaseConfig,no_match
MetricDataLoader,ClusterConfig,no_match
MetricDataLoader,DatabaseWriter,no_match
MetricDataLoader,SequenceFile$Reader,no_match
MetricDataLoader,ChukwaRecordKey,no_match
MetricDataLoader,ChukwaRecord,no_match
MetricDataLoader,ChukwaConfiguration,no_match
MetricDataLoader,Log,no_match
MetricDataLoader,FileSystem,no_match
MetricDataLoader,SequenceFile,no_match
MetricDataLoader,RecordUtil,no_match
MetricDataLoader,ExceptionUtil,no_match
MetricDataLoader,LogFactory,no_match
MetricDataLoader,Configuration,no_match
MetricDataLoader,Writable,no_match
MetricDataLoader,Record,no_match
MetricDataLoaderPool,MetricDataLoader,no_match
MetricDataLoaderPool,DataLoaderFactory,no_match
MetricDataLoaderPool,Log,no_match
MetricDataLoaderPool,ChukwaConfiguration,no_match
MetricDataLoaderPool,FileSystem,no_match
MetricDataLoaderPool,FileStatus,no_match
MetricDataLoaderPool,Path,no_match
MetricDataLoaderPool,ExceptionUtil,no_match
MetricDataLoaderPool,LogFactory,no_match
SocketDataLoader,ChukwaConfiguration,no_match
SocketDataLoader,Logger,no_match
SocketDataLoader,Chunk,no_match
SocketDataLoader,DataFactory,no_match
SocketDataLoader,ExceptionUtil,no_match
SocketDataLoader,ChunkImpl,no_match
SocketDataLoader,Configuration,no_match
UserStore,Path,no_match
UserStore,JSONObject,no_match
UserStore,UserBean,no_match
UserStore,JSONArray,no_match
UserStore,Configuration,no_match
UserStore,ChukwaConfiguration,no_match
UserStore,Log,no_match
UserStore,FileStatus,no_match
UserStore,FSDataInputStream,no_match
UserStore,FileSystem,no_match
UserStore,FSDataOutputStream,no_match
UserStore,HiccWebServer,no_match
UserStore,ExceptionUtil,no_match
UserStore,LogFactory,no_match
ViewStore,Path,no_match
ViewStore,ViewBean,no_match
ViewStore,JSONObject,no_match
ViewStore,JSONArray,no_match
ViewStore,Configuration,no_match
ViewStore,ChukwaConfiguration,no_match
ViewStore,Log,no_match
ViewStore,FileStatus,no_match
ViewStore,FSDataInputStream,no_match
ViewStore,FileSystem,no_match
ViewStore,FSDataOutputStream,no_match
ViewStore,HiccWebServer,no_match
ViewStore,ExceptionUtil,no_match
ViewStore,LogFactory,no_match
WidgetStore,Path,no_match
WidgetStore,CatalogBean,no_match
WidgetStore,WidgetBean,no_match
WidgetStore,JSONObject,no_match
WidgetStore,Configuration,no_match
WidgetStore,ChukwaConfiguration,no_match
WidgetStore,Log,no_match
WidgetStore,FSDataOutputStream,no_match
WidgetStore,FileSystem,no_match
WidgetStore,FSDataInputStream,no_match
WidgetStore,FileStatus,no_match
WidgetStore,HiccWebServer,no_match
WidgetStore,ExceptionUtil,no_match
WidgetStore,LogFactory,no_match
ChukwaArchiveBuilder,JobConf,graphics
ChukwaArchiveBuilder,SequenceFileInputFormat,graphics
ChukwaArchiveBuilder,IdentityMapper,graphics
ChukwaArchiveBuilder,ChukwaArchiveBuilder$UniqueKeyReduce,graphics
ChukwaArchiveBuilder,ChukwaArchiveDailyPartitioner,graphics
ChukwaArchiveBuilder,ChukwaArchiveDailyOutputFormat,graphics
ChukwaArchiveBuilder,ChukwaArchiveHourlyPartitioner,graphics
ChukwaArchiveBuilder,ChukwaArchiveHourlyOutputFormat,graphics
ChukwaArchiveBuilder,ChukwaArchiveDataTypePartitioner,graphics
ChukwaArchiveBuilder,ChukwaArchiveDataTypeOutputFormat,graphics
ChukwaArchiveBuilder,ChukwaArchiveStreamNamePartitioner,graphics
ChukwaArchiveBuilder,ChukwaArchiveStreamNameOutputFormat,graphics
ChukwaArchiveBuilder,ChukwaArchiveKey,graphics
ChukwaArchiveBuilder,ChunkImpl,graphics
ChukwaArchiveBuilder,Path,graphics
ChukwaArchiveBuilder,ChukwaConfiguration,graphics
ChukwaArchiveBuilder,Configured,graphics
ChukwaArchiveBuilder,Tool,graphics
ChukwaArchiveBuilder,Logger,graphics
ChukwaArchiveBuilder,ToolRunner,graphics
ChukwaArchiveBuilder,FileInputFormat,graphics
ChukwaArchiveBuilder,FileOutputFormat,graphics
ChukwaArchiveBuilder,JobClient,graphics
ChukwaArchiveBuilder,Configuration,graphics
ChukwaArchiveBuilder,RunningJob,graphics
ChukwaArchiveBuilder$UniqueKeyReduce,ChunkImpl,no_match
ChukwaArchiveBuilder$UniqueKeyReduce,ChukwaArchiveKey,no_match
ChukwaArchiveBuilder$UniqueKeyReduce,MapReduceBase,no_match
ChukwaArchiveBuilder$UniqueKeyReduce,Reducer,no_match
ChukwaArchiveBuilder$UniqueKeyReduce,OutputCollector,no_match
ChukwaArchiveBuilder$UniqueKeyReduce,Reporter,no_match
ChukwaArchiveBuilder$UniqueKeyReduce,ChukwaArchiveBuilder,no_match
ChukwaArchiveDailyOutputFormat,ChukwaArchiveKey,no_match
ChukwaArchiveDailyOutputFormat,ChunkImpl,no_match
ChukwaArchiveDailyOutputFormat,MultipleSequenceFileOutputFormat,no_match
ChukwaArchiveDailyOutputFormat,Logger,no_match
ChukwaArchiveDailyPartitioner,ChukwaArchiveKey,no_match
ChukwaArchiveDailyPartitioner,ChunkImpl,no_match
ChukwaArchiveDailyPartitioner,Partitioner,no_match
ChukwaArchiveDailyPartitioner,JobConf,no_match
ChukwaArchiveDataTypeOutputFormat,ChukwaArchiveKey,no_match
ChukwaArchiveDataTypeOutputFormat,ChunkImpl,no_match
ChukwaArchiveDataTypeOutputFormat,MultipleSequenceFileOutputFormat,no_match
ChukwaArchiveDataTypeOutputFormat,Logger,no_match
ChukwaArchiveDataTypeOutputFormat,FileSystem,no_match
ChukwaArchiveDataTypeOutputFormat,JobConf,no_match
ChukwaArchiveDataTypeOutputFormat,Progressable,no_match
ChukwaArchiveDataTypeOutputFormat,RecordWriter,no_match
ChukwaArchiveDataTypeOutputFormat,RecordUtil,no_match
ChukwaArchiveDataTypeOutputFormat,Chunk,no_match
ChukwaArchiveDataTypePartitioner,ChukwaArchiveKey,no_match
ChukwaArchiveDataTypePartitioner,ChunkImpl,no_match
ChukwaArchiveDataTypePartitioner,Partitioner,no_match
ChukwaArchiveDataTypePartitioner,JobConf,no_match
ChukwaArchiveDataTypePartitioner,RecordUtil,no_match
ChukwaArchiveDataTypePartitioner,Chunk,no_match
ChukwaArchiveHourlyOutputFormat,ChukwaArchiveKey,no_match
ChukwaArchiveHourlyOutputFormat,ChunkImpl,no_match
ChukwaArchiveHourlyOutputFormat,MultipleSequenceFileOutputFormat,no_match
ChukwaArchiveHourlyOutputFormat,Logger,no_match
ChukwaArchiveHourlyPartitioner,ChukwaArchiveKey,no_match
ChukwaArchiveHourlyPartitioner,ChunkImpl,no_match
ChukwaArchiveHourlyPartitioner,Partitioner,no_match
ChukwaArchiveHourlyPartitioner,JobConf,no_match
ChukwaArchiveManager,ChukwaConfiguration,adaptor
ChukwaArchiveManager,Path,adaptor
ChukwaArchiveManager,ChukwaArchiveBuilder,adaptor
ChukwaArchiveManager,CHUKWA_CONSTANT,adaptor
ChukwaArchiveManager,Logger,adaptor
ChukwaArchiveManager,FileSystem,adaptor
ChukwaArchiveManager,FileStatus,adaptor
ChukwaArchiveManager,DaemonWatcher,adaptor
ChukwaArchiveManager,ToolRunner,adaptor
ChukwaArchiveManager,Configuration,adaptor
ChukwaArchiveManager,Tool,adaptor
ChukwaArchiveStreamNameOutputFormat,MultipleSequenceFileOutputFormat,no_match
ChukwaArchiveStreamNameOutputFormat,ChukwaArchiveKey,no_match
ChukwaArchiveStreamNameOutputFormat,ChunkImpl,no_match
ChukwaArchiveStreamNamePartitioner,ChukwaArchiveKey,no_match
ChukwaArchiveStreamNamePartitioner,ChunkImpl,no_match
ChukwaArchiveStreamNamePartitioner,Partitioner,no_match
ChukwaArchiveStreamNamePartitioner,JobConf,no_match
SinkArchiver,ChukwaConfiguration,no_match
SinkArchiver,Path,no_match
SinkArchiver,ChukwaArchiveBuilder,no_match
SinkArchiver,SinkArchiver$1,no_match
SinkArchiver,CHUKWA_CONSTANT,no_match
SinkArchiver,PathFilter,no_match
SinkArchiver,Logger,no_match
SinkArchiver,Configuration,no_match
SinkArchiver,FileSystem,no_match
SinkArchiver,FileStatus,no_match
SinkArchiver,ToolRunner,no_match
SinkArchiver,Tool,no_match
SinkArchiver$1,PathFilter,no_match
SinkArchiver$1,Path,no_match
SinkArchiver$1,SinkArchiver,no_match
ChukwaRecordOutputFormat,ChukwaRecordKey,no_match
ChukwaRecordOutputFormat,ChukwaRecord,no_match
ChukwaRecordOutputFormat,MultipleSequenceFileOutputFormat,no_match
ChukwaRecordOutputFormat,Logger,no_match
ChukwaRecordOutputFormat,RecordUtil,no_match
ChukwaRecordOutputFormat,Util,no_match
ChukwaRecordOutputFormat,Record,no_match
ChukwaRecordPartitioner,ChukwaRecordKey,no_match
ChukwaRecordPartitioner,ChukwaRecord,no_match
ChukwaRecordPartitioner,Partitioner,no_match
ChukwaRecordPartitioner,Logger,no_match
ChukwaRecordPartitioner,JobConf,no_match
DailyChukwaRecordRolling,Path,graphics
DailyChukwaRecordRolling,RecordMerger,graphics
DailyChukwaRecordRolling,ChukwaConfiguration,graphics
DailyChukwaRecordRolling,JobConf,graphics
DailyChukwaRecordRolling,SequenceFileInputFormat,graphics
DailyChukwaRecordRolling,IdentityMapper,graphics
DailyChukwaRecordRolling,IdentityReducer,graphics
DailyChukwaRecordRolling,ChukwaRecordKey,graphics
DailyChukwaRecordRolling,ChukwaRecord,graphics
DailyChukwaRecordRolling,SequenceFileOutputFormat,graphics
DailyChukwaRecordRolling,Configured,graphics
DailyChukwaRecordRolling,Tool,graphics
DailyChukwaRecordRolling,Logger,graphics
DailyChukwaRecordRolling,FileSystem,graphics
DailyChukwaRecordRolling,FileStatus,graphics
DailyChukwaRecordRolling,FileUtil,graphics
DailyChukwaRecordRolling,DaemonWatcher,graphics
DailyChukwaRecordRolling,FileInputFormat,graphics
DailyChukwaRecordRolling,FileOutputFormat,graphics
DailyChukwaRecordRolling,JobPriority,graphics
DailyChukwaRecordRolling,JobClient,graphics
DailyChukwaRecordRolling,Configuration,graphics
DailyChukwaRecordRolling,RunningJob,graphics
Demux,Configuration,graphics
Demux,Path,graphics
Demux,JobConf,graphics
Demux,ChukwaConfiguration,graphics
Demux,SequenceFileInputFormat,graphics
Demux,Demux$MapClass,graphics
Demux,ChukwaRecordPartitioner,graphics
Demux,Demux$ReduceClass,graphics
Demux,ChukwaRecordKey,graphics
Demux,ChukwaRecord,graphics
Demux,ChukwaRecordOutputFormat,graphics
Demux,Configured,graphics
Demux,Tool,graphics
Demux,Logger,graphics
Demux,FileStatus,graphics
Demux,FileSystem,graphics
Demux,ToolRunner,graphics
Demux,DistributedCache,graphics
Demux,ExceptionUtil,graphics
Demux,JobPriority,graphics
Demux,FileInputFormat,graphics
Demux,FileOutputFormat,graphics
Demux,JobClient,graphics
Demux,RunningJob,graphics
Demux$MapClass,ChukwaOutputCollector,no_match
Demux$MapClass,ChukwaArchiveKey,no_match
Demux$MapClass,ChunkImpl,no_match
Demux$MapClass,MapReduceBase,no_match
Demux$MapClass,Mapper,no_match
Demux$MapClass,JobConf,no_match
Demux$MapClass,OutputCollector,no_match
Demux$MapClass,Reporter,no_match
Demux$MapClass,MapProcessor,no_match
Demux$MapClass,ChukwaRecordKey,no_match
Demux$MapClass,ChukwaRecord,no_match
Demux$MapClass,Demux,no_match
Demux$MapClass,Logger,no_match
Demux$MapClass,MapProcessorFactory,no_match
Demux$MapClass,Chunk,no_match
Demux$ReduceClass,ChukwaOutputCollector,no_match
Demux$ReduceClass,ChukwaRecordKey,no_match
Demux$ReduceClass,MapReduceBase,no_match
Demux$ReduceClass,Reducer,no_match
Demux$ReduceClass,OutputCollector,no_match
Demux$ReduceClass,Reporter,no_match
Demux$ReduceClass,ChukwaRecord,no_match
Demux$ReduceClass,ReduceProcessorFactory,no_match
Demux$ReduceClass,ReduceProcessor,no_match
Demux$ReduceClass,Demux,no_match
Demux$ReduceClass,Logger,no_match
DemuxManager,ChukwaConfiguration,adaptor
DemuxManager,Path,adaptor
DemuxManager,Demux,adaptor
DemuxManager,DemuxManager$1,adaptor
DemuxManager,CHUKWA_CONSTANT,adaptor
DemuxManager,Logger,adaptor
DemuxManager,FileSystem,adaptor
DemuxManager,PathFilter,adaptor
DemuxManager,FileStatus,adaptor
DemuxManager,DaemonWatcher,adaptor
DemuxManager,NagiosHelper,adaptor
DemuxManager,ToolRunner,adaptor
DemuxManager,Configuration,adaptor
DemuxManager,Tool,adaptor
DemuxManager$1,PathFilter,no_match
DemuxManager$1,Path,no_match
DemuxManager$1,DemuxManager,no_match
DoMerge,ChukwaConfiguration,no_match
DoMerge,MoveOrMergeRecordFile,no_match
DoMerge,Path,no_match
DoMerge,FileSystem,no_match
DoMerge,ToolRunner,no_match
DoMerge,FileUtil,no_match
DoMerge,Configuration,no_match
DoMerge,Tool,no_match
EventFileFilter,PathFilter,no_match
EventFileFilter,Path,no_match
HourlyChukwaRecordRolling,Path,graphics
HourlyChukwaRecordRolling,RecordMerger,graphics
HourlyChukwaRecordRolling,ChukwaConfiguration,graphics
HourlyChukwaRecordRolling,JobConf,graphics
HourlyChukwaRecordRolling,SequenceFileInputFormat,graphics
HourlyChukwaRecordRolling,IdentityMapper,graphics
HourlyChukwaRecordRolling,IdentityReducer,graphics
HourlyChukwaRecordRolling,ChukwaRecordKey,graphics
HourlyChukwaRecordRolling,ChukwaRecord,graphics
HourlyChukwaRecordRolling,SequenceFileOutputFormat,graphics
HourlyChukwaRecordRolling,Configured,graphics
HourlyChukwaRecordRolling,Tool,graphics
HourlyChukwaRecordRolling,Logger,graphics
HourlyChukwaRecordRolling,FileSystem,graphics
HourlyChukwaRecordRolling,FileStatus,graphics
HourlyChukwaRecordRolling,FileUtil,graphics
HourlyChukwaRecordRolling,DaemonWatcher,graphics
HourlyChukwaRecordRolling,FileInputFormat,graphics
HourlyChukwaRecordRolling,FileOutputFormat,graphics
HourlyChukwaRecordRolling,JobPriority,graphics
HourlyChukwaRecordRolling,JobClient,graphics
HourlyChukwaRecordRolling,Configuration,graphics
HourlyChukwaRecordRolling,RunningJob,graphics
MoveOrMergeRecordFile,JobConf,no_match
MoveOrMergeRecordFile,SequenceFileInputFormat,no_match
MoveOrMergeRecordFile,IdentityMapper,no_match
MoveOrMergeRecordFile,IdentityReducer,no_match
MoveOrMergeRecordFile,ChukwaRecordKey,no_match
MoveOrMergeRecordFile,ChukwaRecord,no_match
MoveOrMergeRecordFile,SequenceFileOutputFormat,no_match
MoveOrMergeRecordFile,Path,no_match
MoveOrMergeRecordFile,EventFileFilter,no_match
MoveOrMergeRecordFile,DoMerge,no_match
MoveOrMergeRecordFile,ChukwaConfiguration,no_match
MoveOrMergeRecordFile,Configured,no_match
MoveOrMergeRecordFile,Tool,no_match
MoveOrMergeRecordFile,FileSystem,no_match
MoveOrMergeRecordFile,FileStatus,no_match
MoveOrMergeRecordFile,FileInputFormat,no_match
MoveOrMergeRecordFile,FileOutputFormat,no_match
MoveOrMergeRecordFile,JobClient,no_match
MoveOrMergeRecordFile,FileUtil,no_match
MoveOrMergeRecordFile,Configuration,no_match
MoveOrMergeRecordFile,RunningJob,no_match
MoveOrMergeRecordFile,PathFilter,no_match
MoveToRepository,Path,no_match
MoveToRepository,ChukwaConfiguration,no_match
MoveToRepository,Logger,no_match
MoveToRepository,FileSystem,no_match
MoveToRepository,FileStatus,no_match
MoveToRepository,FileUtil,no_match
MoveToRepository,Configuration,no_match
PostProcessorManager,ChukwaConfiguration,adaptor
PostProcessorManager,Path,adaptor
PostProcessorManager,DataLoaderFactory,adaptor
PostProcessorManager,PostProcessorManager$1,adaptor
PostProcessorManager,CHUKWA_CONSTANT,adaptor
PostProcessorManager,Logger,adaptor
PostProcessorManager,FileSystem,adaptor
PostProcessorManager,PathFilter,adaptor
PostProcessorManager,FileStatus,adaptor
PostProcessorManager,DaemonWatcher,adaptor
PostProcessorManager,ExceptionUtil,adaptor
PostProcessorManager,MoveToRepository,adaptor
PostProcessorManager,Configuration,adaptor
PostProcessorManager$1,PathFilter,no_match
PostProcessorManager$1,Path,no_match
PostProcessorManager$1,PostProcessorManager,no_match
RecordMerger,Path,no_match
RecordMerger,Logger,no_match
RecordMerger,ChukwaConfiguration,no_match
RecordMerger,FileSystem,no_match
RecordMerger,Tool,no_match
RecordMerger,FileStatus,no_match
RecordMerger,ToolRunner,no_match
RecordMerger,FileUtil,no_match
RecordMerger,Configuration,no_match
TaggerPlugin,Record,no_match
ChukwaOutputCollector,ChukwaRecordKey,no_match
ChukwaOutputCollector,ChukwaRecord,no_match
ChukwaOutputCollector,OutputCollector,no_match
ChukwaOutputCollector,Reporter,no_match
AbstractProcessor,ChukwaRecordKey,no_match
AbstractProcessor,MapProcessor,no_match
AbstractProcessor,Logger,no_match
AbstractProcessor,ChukwaArchiveKey,no_match
AbstractProcessor,Chunk,no_match
AbstractProcessor,OutputCollector,no_match
AbstractProcessor,ChukwaRecord,no_match
AbstractProcessor,Reporter,no_match
AbstractProcessor,ChunkSaver,no_match
AbstractProcessor,RecordConstants,no_match
ChunkProcessor,Chunk,no_match
ChunkProcessor,OutputCollector,no_match
ChunkProcessor,Reporter,no_match
ChunkProcessor,Text,no_match
ChunkProcessor,ChukwaRecord,no_match
ChunkSaver,ChukwaRecord,no_match
ChunkSaver,ChukwaRecordKey,no_match
ChunkSaver,DataOutputBuffer,no_match
ChunkSaver,Logger,no_match
ChunkSaver,Chunk,no_match
ChunkSaver,OutputCollector,no_match
ChunkSaver,Reporter,no_match
ChunkSaver,ExceptionUtil,no_match
ClientTraceProcessor,ChukwaRecord,no_match
ClientTraceProcessor,AbstractProcessor,no_match
ClientTraceProcessor,ClientTraceProcessor$Locality,no_match
ClientTraceProcessor,OutputCollector,no_match
ClientTraceProcessor,Reporter,no_match
ClientTraceProcessor,ChukwaRecordKey,no_match
ClientTraceProcessor,Chunk,no_match
ClientTraceProcessor,Logger,no_match
ClientTraceProcessor$Locality,ClientTraceProcessor,no_match
DebugOutputProcessor,ChukwaRecord,no_match
DebugOutputProcessor,AbstractProcessor,no_match
DebugOutputProcessor,Logger,no_match
DebugOutputProcessor,OutputCollector,no_match
DebugOutputProcessor,Reporter,no_match
DebugOutputProcessor,ChukwaRecordKey,no_match
DebugOutputProcessor,Chunk,no_match
DefaultProcessor,ChukwaRecord,no_match
DefaultProcessor,AbstractProcessor,no_match
DefaultProcessor,Logger,no_match
DefaultProcessor,OutputCollector,no_match
DefaultProcessor,Reporter,no_match
DefaultProcessor,ChukwaRecordKey,no_match
DefaultProcessor,ChukwaArchiveKey,no_match
DefaultProcessor,Chunk,no_match
Df,DFInvalidRecord,no_match
Df,ChukwaRecordKey,no_match
Df,ChukwaRecord,no_match
Df,AbstractProcessor,no_match
Df,Logger,no_match
Df,OutputCollector,no_match
Df,Reporter,no_match
HadoopLogProcessor,ChukwaRecord,no_match
HadoopLogProcessor,AbstractProcessor,no_match
HadoopLogProcessor,Logger,no_match
HadoopLogProcessor,OutputCollector,no_match
HadoopLogProcessor,Reporter,no_match
HadoopLogProcessor,ChukwaRecordKey,no_match
HadoopLogProcessor,Chunk,no_match
HadoopMetricsProcessor,JSONObject,no_match
HadoopMetricsProcessor,ChukwaRecord,no_match
HadoopMetricsProcessor,JSONException,no_match
HadoopMetricsProcessor,AbstractProcessor,no_match
HadoopMetricsProcessor,Logger,no_match
HadoopMetricsProcessor,OutputCollector,no_match
HadoopMetricsProcessor,Reporter,no_match
HadoopMetricsProcessor,ChukwaRecordKey,no_match
Iostat,ChukwaRecord,no_match
Iostat,ChukwaRecordKey,no_match
Iostat,AbstractProcessor,no_match
Iostat,Logger,no_match
Iostat,OutputCollector,no_match
Iostat,Reporter,no_match
Iostat,Chunk,no_match
JPluginMapper,LogEntry,no_match
JPluginMapper,GenericChukwaMetricsList,no_match
JPluginMapper,ChukwaMetrics,no_match
JPluginMapper,ChukwaRecordKey,no_match
JPluginMapper,ChukwaRecord,no_match
JPluginMapper,AbstractProcessor,no_match
JPluginMapper,OutputCollector,no_match
JPluginMapper,Reporter,no_match
JobConfProcessor,ChukwaRecord,no_match
JobConfProcessor,JSONObject,no_match
JobConfProcessor,Element,no_match
JobConfProcessor,Text,no_match
JobConfProcessor,Torque,no_match
JobConfProcessor,AbstractProcessor,no_match
JobConfProcessor,Logger,no_match
JobConfProcessor,OutputCollector,no_match
JobConfProcessor,Reporter,no_match
JobConfProcessor,Node,no_match
JobConfProcessor,NodeList,no_match
JobConfProcessor,Document,no_match
JobConfProcessor,ChukwaRecordKey,no_match
JobConfProcessor,Chunk,no_match
JobLog,JobLog$JobLogLine,adaptor
JobLog,ChukwaRecordKey,adaptor
JobLog,ChukwaRecord,adaptor
JobLog,AbstractProcessor,adaptor
JobLog,JobLog$JobLogFileName,adaptor
JobLog,JobLog$CounterHash,adaptor
JobLog,OutputCollector,adaptor
JobLog,Reporter,adaptor
JobLog,Chunk,adaptor
JobLog,ChukwaArchiveKey,adaptor
JobLog$CounterHash,JobLog,no_match
JobLog$JobLogFileName,JobLog,no_match
JobLog$JobLogLine,JobLog$CounterHash,no_match
JobLog$JobLogLine,JobHistory$Keys,no_match
JobLog$JobLogLine,JobLog,no_match
JobLog$JobLogLine,JobHistory,no_match
JobLogHistoryProcessor,ChukwaRecordKey,no_match
JobLogHistoryProcessor,ChukwaRecord,no_match
JobLogHistoryProcessor,AbstractProcessor,no_match
JobLogHistoryProcessor,Logger,no_match
JobLogHistoryProcessor,OutputCollector,no_match
JobLogHistoryProcessor,Reporter,no_match
JobLogHistoryProcessor,Chunk,no_match
Log4JMetricsContextProcessor,Log4JMetricsContextProcessor$Log4JMetricsContextChukwaRecord,no_match
Log4JMetricsContextProcessor,AbstractProcessor,no_match
Log4JMetricsContextProcessor,Logger,no_match
Log4JMetricsContextProcessor,OutputCollector,no_match
Log4JMetricsContextProcessor,Reporter,no_match
Log4JMetricsContextProcessor,ChukwaRecord,no_match
Log4JMetricsContextProcessor,ChukwaRecordKey,no_match
Log4JMetricsContextProcessor$Log4JMetricsContextChukwaRecord,ChukwaRecord,no_match
Log4JMetricsContextProcessor$Log4JMetricsContextChukwaRecord,LogEntry,no_match
Log4JMetricsContextProcessor$Log4JMetricsContextChukwaRecord,JSONObject,no_match
Log4JMetricsContextProcessor$Log4JMetricsContextChukwaRecord,Log4JMetricsContextProcessor,no_match
Log4jJobHistoryProcessor,ChukwaRecordKey,no_match
Log4jJobHistoryProcessor,ChukwaRecord,no_match
Log4jJobHistoryProcessor,AbstractProcessor,no_match
Log4jJobHistoryProcessor,Logger,no_match
Log4jJobHistoryProcessor,OutputCollector,no_match
Log4jJobHistoryProcessor,Reporter,no_match
Log4jJobHistoryProcessor,Chunk,no_match
MapProcessor,ChukwaArchiveKey,no_match
MapProcessor,Chunk,no_match
MapProcessor,OutputCollector,no_match
MapProcessor,Reporter,no_match
MapProcessor,ChukwaRecordKey,no_match
MapProcessor,ChukwaRecord,no_match
MapProcessorFactory,MapProcessor,no_match
MapProcessorFactory,UnknownRecordTypeException,no_match
MapProcessorFactory,Logger,no_match
PbsNodes,PbsInvalidEntry,no_match
PbsNodes,ChukwaRecord,no_match
PbsNodes,ChukwaRecordKey,no_match
PbsNodes,AbstractProcessor,no_match
PbsNodes,Logger,no_match
PbsNodes,OutputCollector,no_match
PbsNodes,Reporter,no_match
ProcessorFactory,ChunkProcessor,no_match
ProcessorFactory,UnknownRecordTypeException,no_match
ProcessorFactory,DuplicateProcessorException,no_match
ProcessorFactory,Logger,no_match
Ps,LogEntry,no_match
Ps,Ps$PsOutput,no_match
Ps,ChukwaRecordKey,no_match
Ps,ChukwaRecord,no_match
Ps,AbstractProcessor,no_match
Ps,Ps$InvalidPsRecord,no_match
Ps,Logger,no_match
Ps,OutputCollector,no_match
Ps,Reporter,no_match
Ps$InvalidPsRecord,Ps,no_match
Ps$PsOutput,Ps$InvalidPsRecord,no_match
Ps$PsOutput,Ps,no_match
Sar,ChukwaRecord,no_match
Sar,ChukwaRecordKey,no_match
Sar,AbstractProcessor,no_match
Sar,Logger,no_match
Sar,OutputCollector,no_match
Sar,Reporter,no_match
Sar,Chunk,no_match
SysLog,ChukwaRecord,no_match
SysLog,AbstractProcessor,no_match
SysLog,Logger,no_match
SysLog,OutputCollector,no_match
SysLog,Reporter,no_match
SysLog,ChukwaRecordKey,no_match
Top,ChukwaRecord,no_match
Top,ChukwaRecordKey,no_match
Top,AbstractProcessor,no_match
Top,Logger,no_match
Top,OutputCollector,no_match
Top,Reporter,no_match
Top,Chunk,no_match
Torque,ChukwaRecord,no_match
Torque,AbstractProcessor,no_match
Torque,Logger,no_match
Torque,OutputCollector,no_match
Torque,Reporter,no_match
Torque,ChukwaRecordKey,no_match
TsProcessor,ChukwaRecord,no_match
TsProcessor,AbstractProcessor,no_match
TsProcessor,Logger,no_match
TsProcessor,OutputCollector,no_match
TsProcessor,Reporter,no_match
TsProcessor,ChukwaRecordKey,no_match
TsProcessor,Chunk,no_match
YWatch,JSONObject,no_match
YWatch,ChukwaRecord,no_match
YWatch,ChukwaRecordKey,no_match
YWatch,JSONException,no_match
YWatch,AbstractProcessor,no_match
YWatch,Logger,no_match
YWatch,OutputCollector,no_match
YWatch,Reporter,no_match
YWatch,Chunk,no_match
ClientTrace,ChukwaRecord,no_match
ClientTrace,ChukwaRecordKey,no_match
ClientTrace,ReduceProcessor,no_match
ClientTrace,Logger,no_match
ClientTrace,OutputCollector,no_match
ClientTrace,Reporter,no_match
IdentityReducer,ReduceProcessor,no_match
IdentityReducer,ChukwaRecordKey,no_match
IdentityReducer,OutputCollector,no_match
IdentityReducer,Reporter,no_match
IdentityReducer,ChukwaRecord,no_match
JobLogHistoryReduceProcessor,ChukwaRecord,no_match
JobLogHistoryReduceProcessor,ChukwaRecordKey,no_match
JobLogHistoryReduceProcessor,ReduceProcessor,no_match
JobLogHistoryReduceProcessor,Logger,no_match
JobLogHistoryReduceProcessor,OutputCollector,no_match
JobLogHistoryReduceProcessor,Reporter,no_match
MRJobReduceProcessor,ChukwaRecord,no_match
MRJobReduceProcessor,ChukwaRecordKey,no_match
MRJobReduceProcessor,ReduceProcessor,no_match
MRJobReduceProcessor,Logger,no_match
MRJobReduceProcessor,OutputCollector,no_match
MRJobReduceProcessor,Reporter,no_match
ReduceProcessor,ChukwaRecordKey,no_match
ReduceProcessor,OutputCollector,no_match
ReduceProcessor,Reporter,no_match
ReduceProcessor,ChukwaRecord,no_match
ReduceProcessorFactory,ReduceProcessor,no_match
ReduceProcessorFactory,UnknownReduceTypeException,no_match
ReduceProcessorFactory,DuplicateReduceProcessorException,no_match
ReduceProcessorFactory,Logger,no_match
SystemMetrics,ChukwaRecord,no_match
SystemMetrics,ReduceProcessor,no_match
SystemMetrics,Logger,no_match
SystemMetrics,ChukwaRecordKey,no_match
SystemMetrics,OutputCollector,no_match
SystemMetrics,Reporter,no_match
ChukwaRecord,Buffer,no_match
ChukwaRecord,ChukwaRecordJT,no_match
ChukwaRecord,Record,no_match
ChukwaRecordJT,FieldTypeInfo,adaptor
ChukwaRecordJT,Buffer,adaptor
ChukwaRecordJT,RecordTypeInfo,adaptor
ChukwaRecordJT,MapTypeID,adaptor
ChukwaRecordJT,ChukwaRecordJT$Comparator,adaptor
ChukwaRecordJT,Record,adaptor
ChukwaRecordJT,RecordOutput,adaptor
ChukwaRecordJT,RecordInput,adaptor
ChukwaRecordJT,Index,adaptor
ChukwaRecordJT,Utils,adaptor
ChukwaRecordJT,TypeID,adaptor
ChukwaRecordJT,RecordComparator,adaptor
ChukwaRecordJT$Comparator,ChukwaRecordJT,no_match
ChukwaRecordJT$Comparator,RecordComparator,no_match
ChukwaRecordJT$Comparator,Utils,no_match
ChukwaRecordKey,FieldTypeInfo,no_match
ChukwaRecordKey,RecordTypeInfo,no_match
ChukwaRecordKey,ChukwaRecordKey$Comparator,no_match
ChukwaRecordKey,Record,no_match
ChukwaRecordKey,RecordOutput,no_match
ChukwaRecordKey,RecordInput,no_match
ChukwaRecordKey,Utils,no_match
ChukwaRecordKey,TypeID,no_match
ChukwaRecordKey,RecordComparator,no_match
ChukwaRecordKey$Comparator,ChukwaRecordKey,no_match
ChukwaRecordKey$Comparator,RecordComparator,no_match
ChukwaRecordKey$Comparator,Utils,no_match
ChukwaSearchResult,SearchResult,no_match
ChukwaSearchResult,Record,no_match
ChukwaSearchResult,Token,no_match
ChukwaSearchService,ChukwaSearchResult,no_match
ChukwaSearchService,SearchService,no_match
ChukwaSearchService,DataSourceFactory,no_match
ChukwaSearchService,Token,no_match
ChukwaSearchService,SearchResult,no_match
ChukwaSearchService,DataSource,no_match
ChukwaSearchService,Record,no_match
ChukwaSearchService,DataSourceException,no_match
RecordUtil,Record,no_match
RecordUtil,Chunk,no_match
SearchResult,Token,no_match
SearchResult,Record,no_match
SearchService,Token,no_match
SearchService,SearchResult,no_match
SearchService,DataSourceException,no_match
DataSource,SearchResult,no_match
DataSource,Token,no_match
DataSource,DataSourceException,no_match
DataSourceFactory,DatabaseDS,no_match
DataSourceFactory,DataSource,no_match
DataSourceFactory,ChukwaRecordDataSource,no_match
DataSourceFactory,DataSourceException,no_match
DsDirectory,DataConfig,no_match
DsDirectory,Configuration,no_match
DsDirectory,Path,no_match
DsDirectory,DataSourceException,no_match
DsDirectory,FileSystem,no_match
DsDirectory,FileStatus,no_match
DatabaseDS,ChukwaRecord,no_match
DatabaseDS,DataSourceException,no_match
DatabaseDS,DataSource,no_match
DatabaseDS,SearchResult,no_match
DatabaseDS,Token,no_match
DatabaseDS,Record,no_match
DatabaseDS,DriverManagerUtil,no_match
ChukwaDSInternalResult,Record,no_match
ChukwaDSInternalResult,ChukwaRecordKey,no_match
ChukwaFileParser,Path,no_match
ChukwaFileParser,ChukwaRecord,no_match
ChukwaFileParser,FileSystem,no_match
ChukwaFileParser,FSDataInputStream,no_match
ChukwaFileParser,Record,no_match
ChukwaFileParser,MalformedFileFormat,no_match
ChukwaRecordDataSource,ChukwaDSInternalResult,adaptor
ChukwaRecordDataSource,Token,adaptor
ChukwaRecordDataSource,DataSourceException,adaptor
ChukwaRecordDataSource,Record,adaptor
ChukwaRecordDataSource,Path,adaptor
ChukwaRecordDataSource,ChukwaRecordKey,adaptor
ChukwaRecordDataSource,ChukwaRecord,adaptor
ChukwaRecordDataSource,SequenceFile$Reader,adaptor
ChukwaRecordDataSource,ChukwaSearchResult,adaptor
ChukwaRecordDataSource,DataConfig,adaptor
ChukwaRecordDataSource,ChukwaConfiguration,adaptor
ChukwaRecordDataSource,DataSource,adaptor
ChukwaRecordDataSource,Logger,adaptor
ChukwaRecordDataSource,FileSystem,adaptor
ChukwaRecordDataSource,SearchResult,adaptor
ChukwaRecordDataSource,SequenceFile,adaptor
ChukwaRecordDataSource,Configuration,adaptor
ChukwaRecordDataSource,Writable,adaptor
ChukwaSequenceFileParser,Path,no_match
ChukwaSequenceFileParser,SequenceFile$Reader,no_match
ChukwaSequenceFileParser,ChukwaRecordKey,no_match
ChukwaSequenceFileParser,ChukwaRecord,no_match
ChukwaSequenceFileParser,FileSystem,no_match
ChukwaSequenceFileParser,Configuration,no_match
ChukwaSequenceFileParser,Record,no_match
ChukwaSequenceFileParser,MalformedFileFormat,no_match
ChukwaSequenceFileParser,SequenceFile,no_match
ChukwaSequenceFileParser,Writable,no_match
MalformedFileFormat,DataSourceException,no_match
RecordDS,Record,no_match
RecordDS,DataConfig,no_match
RecordDS,ChukwaConfiguration,no_match
RecordDS,DataSource,no_match
RecordDS,FileSystem,no_match
RecordDS,SearchResult,no_match
RecordDS,Token,no_match
RecordDS,DataSourceException,no_match
RecordDS,ChukwaSequenceFileParser,no_match
RecordDS,Configuration,no_match
Chart,XssFilter,no_match
Chart,ColorPicker,no_match
DatasetMapper,Log,no_match
DatasetMapper,DriverManagerUtil,no_match
DatasetMapper,LogFactory,no_match
HiccWebServer,Configuration,graphics
HiccWebServer,Path,graphics
HiccWebServer,Server,graphics
HiccWebServer,XmlConfiguration,graphics
HiccWebServer,ChukwaConfiguration,graphics
HiccWebServer,Log,graphics
HiccWebServer,FileSystem,graphics
HiccWebServer,FSDataOutputStream,graphics
HiccWebServer,DaemonWatcher,graphics
HiccWebServer,ExceptionUtil,graphics
HiccWebServer,LogFactory,graphics
Iframe,XssFilter,no_match
ImageSlicer,XYData,graphics
ImageSlicer,Log,graphics
ImageSlicer,LogFactory,graphics
ImageSlicer,ExceptionUtil,graphics
JSONLoader,JSONObject,no_match
JSONLoader,JSONArray,no_match
JSONLoader,JSONException,no_match
TimeHandler,Options,adaptor
TimeHandler,XssFilter,adaptor
TimeHandler,Log,adaptor
TimeHandler,Span,adaptor
TimeHandler,Chronic,adaptor
TimeHandler,LogFactory,adaptor
Views,JSONArray,no_match
Views,JSONException,no_match
Views,JSONObject,no_match
ViewsTag,Views,no_match
Workspace,JSONObject,io
Workspace,XssFilter,io
Workspace,Workspace$1,io
Workspace,JSONArray,io
Workspace,Workspace$2,io
Workspace,JSONException,io
Workspace$1,Workspace,no_match
Workspace$2,Workspace,no_match
ChukwaInputFormat,ChukwaInputFormat$ChukwaRecordReader,no_match
ChukwaInputFormat,FileSplit,no_match
ChukwaInputFormat,SequenceFileInputFormat,no_match
ChukwaInputFormat,InputSplit,no_match
ChukwaInputFormat,JobConf,no_match
ChukwaInputFormat,Reporter,no_match
ChukwaInputFormat,RecordReader,no_match
ChukwaInputFormat,LongWritable,no_match
ChukwaInputFormat,Text,no_match
ChukwaInputFormat,Log,no_match
ChukwaInputFormat,Configuration,no_match
ChukwaInputFormat$ChukwaRecordReader,SequenceFileRecordReader,no_match
ChukwaInputFormat$ChukwaRecordReader,LongWritable,no_match
ChukwaInputFormat$ChukwaRecordReader,Text,no_match
ChukwaInputFormat$ChukwaRecordReader,ChukwaArchiveKey,no_match
ChukwaInputFormat$ChukwaRecordReader,ChukwaInputFormat,no_match
ChukwaInputFormat$ChukwaRecordReader,RecordReader,no_match
ChukwaInputFormat$ChukwaRecordReader,Logger,no_match
ChukwaInputFormat$ChukwaRecordReader,Chunk,no_match
ChukwaInputFormat$ChukwaRecordReader,Configuration,no_match
ChukwaInputFormat$ChukwaRecordReader,FileSplit,no_match
ChukwaInputFormat$ChukwaRecordReader,ChunkImpl,no_match
HDFSUsageMetrics,ChukwaMetrics,no_match
HDFSUsageMetricsList,ChukwaMetricsList,no_match
HDFSUsageMetricsList,HDFSUsageMetrics,no_match
HDFSUsagePlugin,ChukwaMetricsList,no_match
HDFSUsagePlugin,Path,no_match
HDFSUsagePlugin,HDFSUsageMetrics,no_match
HDFSUsagePlugin,OrgChart,no_match
HDFSUsagePlugin,Configuration,no_match
HDFSUsagePlugin,JPluginStatusMetricsList,no_match
HDFSUsagePlugin,JPlugin,no_match
HDFSUsagePlugin,FileSystem,no_match
HDFSUsagePlugin,Employee,no_match
HDFSUsagePlugin,FileStatus,no_match
HDFSUsagePlugin,ContentSummary,no_match
HDFSUsagePlugin,ChukwaMetrics,no_match
OrgChart,Employee,no_match
ChukwaMetricsList,ChukwaMetrics,no_match
ChukwaMetricsList,Element,no_match
ChukwaMetricsList,Document,no_match
ChukwaMetricsList,Node,no_match
GenericChukwaMetricsList,InputSource,no_match
GenericChukwaMetricsList,GenericChukwaMetricsList$GenericChukwaMetrics,no_match
GenericChukwaMetricsList,Attr,no_match
GenericChukwaMetricsList,ChukwaMetricsList,no_match
GenericChukwaMetricsList,NamedNodeMap,no_match
GenericChukwaMetricsList,Document,no_match
GenericChukwaMetricsList,Element,no_match
GenericChukwaMetricsList,NodeList,no_match
GenericChukwaMetricsList,ChukwaMetrics,no_match
GenericChukwaMetricsList,Node,no_match
GenericChukwaMetricsList$GenericChukwaMetrics,ChukwaMetrics,no_match
GenericChukwaMetricsList$GenericChukwaMetrics,GenericChukwaMetricsList,no_match
JPlugin,ChukwaMetricsList,no_match
JPlugin,JPluginStatusMetricsList,no_match
JPlugin,ChukwaMetrics,no_match
JPluginAgent,JPlugin,no_match
JPluginAgent,JPluginAgent$MetricsTimerTask,no_match
JPluginAgent,JPluginAgent$StatusTimerTask,no_match
JPluginAgent,Log,no_match
JPluginAgent,DaemonWatcher,no_match
JPluginAgent,LogFactory,no_match
JPluginAgent$MetricsTimerTask,JPlugin,no_match
JPluginAgent$MetricsTimerTask,ChukwaMetricsList,no_match
JPluginAgent$MetricsTimerTask,JPluginAgent,no_match
JPluginAgent$MetricsTimerTask,Log,no_match
JPluginAgent$StatusTimerTask,JPlugin,no_match
JPluginAgent$StatusTimerTask,ChukwaMetricsList,no_match
JPluginAgent$StatusTimerTask,JPluginAgent,no_match
JPluginAgent$StatusTimerTask,Log,no_match
JPluginAgent$StatusTimerTask,JPluginStatusMetricsList,no_match
JPluginStatusMetricsList,GenericChukwaMetricsList$GenericChukwaMetrics,no_match
JPluginStatusMetricsList,GenericChukwaMetricsList,no_match
JPluginStatusMetricsList,ChukwaMetrics,no_match
ChukwaDailyRollingFileAppender,RollingCalendar,adaptor
ChukwaDailyRollingFileAppender,ChukwaDailyRollingFileAppender$LogFilter,adaptor
ChukwaDailyRollingFileAppender,ChukwaAgentController,adaptor
ChukwaDailyRollingFileAppender,ClientFinalizer,adaptor
ChukwaDailyRollingFileAppender,FileAppender,adaptor
ChukwaDailyRollingFileAppender,Logger,adaptor
ChukwaDailyRollingFileAppender,Layout,adaptor
ChukwaDailyRollingFileAppender,LoggingEvent,adaptor
ChukwaDailyRollingFileAppender,LogLog,adaptor
ChukwaDailyRollingFileAppender,ErrorHandler,adaptor
ChukwaDailyRollingFileAppender,AdaptorNamingUtils,adaptor
ChukwaDailyRollingFileAppender,RecordConstants,adaptor
ChukwaDailyRollingFileAppender,QuietWriter,adaptor
ChukwaDailyRollingFileAppender$LogFilter,ChukwaDailyRollingFileAppender,no_match
Log4JMetricsContext,MetricsException,no_match
Log4JMetricsContext,PatternLayout,no_match
Log4JMetricsContext,ChukwaDailyRollingFileAppender,no_match
Log4JMetricsContext,JSONObject,no_match
Log4JMetricsContext,JSONException,no_match
Log4JMetricsContext,AbstractMetricsContext,no_match
Log4JMetricsContext,Logger,no_match
Log4JMetricsContext,ContextFactory,no_match
Log4JMetricsContext,OutputRecord,no_match
Log4JMetricsContext,Layout,no_match
Log4JMetricsContext,Appender,no_match
OneLineLogLayout,ConsoleAppender,no_match
OneLineLogLayout,PatternLayout,no_match
OneLineLogLayout,LoggingEvent,no_match
OneLineLogLayout,Logger,no_match
OneLineLogLayout,Appender,no_match
OneLineLogLayout,Layout,no_match
TaskLogAppender,ChukwaAgentController,no_match
TaskLogAppender,ClientFinalizer,no_match
TaskLogAppender,TaskLogAppender,no_match
TaskLogAppender,Logger,no_match
TaskLogAppender,LoggingEvent,no_match
TaskLogAppender,Layout,no_match
TaskLogAppender,RecordConstants,no_match
TaskLogAppender,QuietWriter,no_match
DataConfig,Path,no_match
DataConfig,Configuration,no_match
DataConfig,Log,no_match
DataConfig,LogFactory,no_match
ErStreamHandler,Log,no_match
ErStreamHandler,LogFactory,no_match
LoaderServer,Log,io
LoaderServer,LogFactory,io
TorqueDataLoader,TorqueInfoProcessor,no_match
TorqueDataLoader,PidFile,no_match
TorqueDataLoader,DataConfig,no_match
TorqueDataLoader,Log,no_match
TorqueDataLoader,LogFactory,no_match
TorqueInfoProcessor,TorqueTimerTask,adaptor
TorqueInfoProcessor,ErStreamHandler,adaptor
TorqueInfoProcessor,Log,adaptor
TorqueInfoProcessor,DataConfig,adaptor
TorqueInfoProcessor,LogFactory,adaptor
TorqueTimerTask,Log,no_match
TorqueTimerTask,LogFactory,no_match
ExecPlugin,JSONObject,no_match
ExecPlugin,OutputReader,no_match
ExecPlugin,IPlugin,no_match
ExecPlugin,Output,no_match
IPlugin,JSONObject,no_match
OutputReader,OutputReader$1,no_match
OutputReader,Output,no_match
OutputReader$1,OutputReader,no_match
OutputReader$1,Output,no_match
Exec,ExecHelper,no_match
Exec,JSONException,no_match
Exec,Log,no_match
Exec,IPlugin,no_match
Exec,JSONObject,no_match
Exec,DaemonWatcher,no_match
Exec,LogFactory,no_match
ExecHelper,ExecPlugin,no_match
ExecHelper,Log,no_match
ExecHelper,PidFile,no_match
ExecHelper,LogFactory,no_match
NodeActivityPlugin,DataConfig,no_match
NodeActivityPlugin,ExecPlugin,no_match
NodeActivityPlugin,JSONObject,no_match
NodeActivityPlugin,IPlugin,no_match
PbsNodePlugin,DataConfig,no_match
PbsNodePlugin,ExecPlugin,no_match
PbsNodePlugin,Log,no_match
PbsNodePlugin,IPlugin,no_match
PbsNodePlugin,JSONObject,no_match
PbsNodePlugin,JSONException,no_match
PbsNodePlugin,LogFactory,no_match
ClientTraceResource,RestController,no_match
ClientTraceResource,ClientTrace,no_match
ClientTraceResource,ClientTraceHome,no_match
ClusterDiskResource,RestController,no_match
ClusterDiskResource,ClusterDisk,no_match
ClusterDiskResource,ClusterDiskHome,no_match
ClusterHadoopRpcResource,RestController,no_match
ClusterHadoopRpcResource,ClusterHadoopRpc,no_match
ClusterHadoopRpcResource,ClusterHadoopRpcHome,no_match
ClusterSystemMetricsResource,RestController,no_match
ClusterSystemMetricsResource,ClusterSystemMetrics,no_match
ClusterSystemMetricsResource,ClusterSystemMetricsHome,no_match
DfsDataNodeResource,RestController,no_match
DfsDataNodeResource,DfsDataNode,no_match
DfsDataNodeResource,DfsDataNodeHome,no_match
DfsFsNameSystemResource,RestController,no_match
DfsFsNameSystemResource,DfsFsNameSystem,no_match
DfsFsNameSystemResource,DfsFsNameSystemHome,no_match
DfsNameNodeResource,RestController,no_match
DfsNameNodeResource,DfsNameNode,no_match
DfsNameNodeResource,DfsNameNodeHome,no_match
DfsThroughputResource,RestController,no_match
DfsThroughputResource,DfsThroughput,no_match
DfsThroughputResource,DfsThroughputHome,no_match
DiskResource,RestController,no_match
DiskResource,Disk,no_match
DiskResource,DiskHome,no_match
HadoopJvmResource,RestController,no_match
HadoopJvmResource,HadoopJvm,no_match
HadoopJvmResource,HadoopJvmHome,no_match
HadoopRpcResource,RestController,no_match
HadoopRpcResource,HadoopRpc,no_match
HadoopRpcResource,HadoopRpcHome,no_match
JsonDateValueProcessor,JsonValueProcessor,no_match
JsonDateValueProcessor,Log,no_match
JsonDateValueProcessor,JsonConfig,no_match
JsonDateValueProcessor,LogFactory,no_match
MrJobConfResource,RestController,no_match
MrJobConfResource,MrJobConf,no_match
MrJobConfResource,MrJobConfHome,no_match
MrJobResource,RestController,no_match
MrJobResource,MrJob,no_match
MrJobResource,MrJobHome,no_match
MrTaskResource,RestController,no_match
MrTaskResource,MrTask,no_match
MrTaskResource,MrTaskHome,no_match
RestController,JsonConfig,no_match
RestController,JsonDateValueProcessor,no_match
RestController,Log,no_match
RestController,JSONArray,no_match
RestController,JSONObject,no_match
RestController,DateFormatUtils,no_match
RestController,LogFactory,no_match
RestController,JsonValueProcessor,no_match
SystemMetricsResource,RestController,no_match
SystemMetricsResource,SystemMetrics,no_match
SystemMetricsResource,SystemMetricsHome,no_match
CatalogBean,Log,no_match
CatalogBean,WidgetBean,no_match
CatalogBean,LogFactory,no_match
CategoryBean,Log,no_match
CategoryBean,LogFactory,no_match
ColumnBean,WidgetBean,no_match
ColumnBean,JSONException,no_match
ColumnBean,JSONArray,no_match
ColumnBean,Log,no_match
ColumnBean,ExceptionUtil,no_match
ColumnBean,LogFactory,no_match
ColumnBean,JSONObject,no_match
ConfigBean,ViewBean,no_match
ConfigBean,Log,no_match
ConfigBean,JSONObject,no_match
ConfigBean,ExceptionUtil,no_match
ConfigBean,LogFactory,no_match
OptionBean,JSONException,no_match
OptionBean,JSONObject,no_match
OptionBean,Log,no_match
OptionBean,ExceptionUtil,no_match
OptionBean,LogFactory,no_match
PagesBean,ColumnBean,graphics
PagesBean,JSONException,graphics
PagesBean,JSONObject,graphics
PagesBean,JSONArray,graphics
PagesBean,Log,graphics
PagesBean,ExceptionUtil,graphics
PagesBean,LogFactory,graphics
ParametersBean,JSONArray,bean
ParametersBean,OptionBean,bean
ParametersBean,JSONObject,bean
ParametersBean,Log,bean
ParametersBean,ExceptionUtil,bean
ParametersBean,LogFactory,bean
UserBean,JSONArray,no_match
UserBean,JSONObject,no_match
UserBean,Log,no_match
UserBean,JSONException,no_match
UserBean,ExceptionUtil,no_match
UserBean,LogFactory,no_match
ViewBean,PagesBean,no_match
ViewBean,JSONException,no_match
ViewBean,JSONObject,no_match
ViewBean,JSONArray,no_match
ViewBean,Log,no_match
ViewBean,ExceptionUtil,no_match
ViewBean,LogFactory,no_match
WidgetBean,ParametersBean,bean
WidgetBean,JSONException,bean
WidgetBean,JSONObject,bean
WidgetBean,JSONArray,bean
WidgetBean,Log,bean
WidgetBean,ExceptionUtil,bean
WidgetBean,WidgetStore,bean
WidgetBean,LogFactory,bean
ClientTrace,SocketDataLoader,no_match
ClientTrace,Chunk,no_match
ClientTrace,ClientTraceBean,no_match
ClientTrace,Log,no_match
ClientTrace,LogFactory,no_match
UserResource,UserStore,no_match
UserResource,ReturnCodeBean,no_match
UserResource,Log,no_match
UserResource,UserBean,no_match
UserResource,ExceptionUtil,no_match
UserResource,JSONArray,no_match
UserResource,LogFactory,no_match
ViewContextResolver,ViewBean,no_match
ViewContextResolver,ViewContextResolver$1,no_match
ViewContextResolver,JSONJAXBContext,no_match
ViewContextResolver,JSONJAXBContext$JSONNotation,no_match
ViewContextResolver$1,ViewContextResolver,no_match
ViewResource,ViewStore,no_match
ViewResource,ReturnCodeBean,no_match
ViewResource,Log,no_match
ViewResource,ViewBean,no_match
ViewResource,ExceptionUtil,no_match
ViewResource,JSONArray,no_match
ViewResource,LogFactory,no_match
WidgetContextResolver,CatalogBean,no_match
WidgetContextResolver,CategoryBean,no_match
WidgetContextResolver,WidgetContextResolver$1,no_match
WidgetContextResolver,JSONJAXBContext,no_match
WidgetContextResolver,JSONJAXBContext$JSONNotation,no_match
WidgetContextResolver$1,WidgetContextResolver,no_match
WidgetResource,WidgetBean,no_match
WidgetResource,WidgetStore,no_match
WidgetResource,ReturnCodeBean,no_match
WidgetResource,Log,no_match
WidgetResource,CatalogBean,no_match
WidgetResource,LogFactory,no_match
ClientTraceHome,ClientTrace,no_match
ClientTraceHome,DatabaseWriter,no_match
ClientTraceHome,RestHome,no_match
ClientTraceHome,Log,no_match
ClientTraceHome,LogFactory,no_match
ClusterDiskHome,ClusterDisk,no_match
ClusterDiskHome,DatabaseWriter,no_match
ClusterDiskHome,RestHome,no_match
ClusterDiskHome,Log,no_match
ClusterDiskHome,LogFactory,no_match
ClusterHadoopRpcHome,ClusterHadoopRpc,no_match
ClusterHadoopRpcHome,DatabaseWriter,no_match
ClusterHadoopRpcHome,RestHome,no_match
ClusterHadoopRpcHome,Log,no_match
ClusterHadoopRpcHome,LogFactory,no_match
ClusterSystemMetricsHome,ClusterSystemMetrics,no_match
ClusterSystemMetricsHome,DatabaseWriter,no_match
ClusterSystemMetricsHome,RestHome,no_match
ClusterSystemMetricsHome,Log,no_match
ClusterSystemMetricsHome,LogFactory,no_match
DfsDataNodeHome,DfsDataNode,no_match
DfsDataNodeHome,DatabaseWriter,no_match
DfsDataNodeHome,RestHome,no_match
DfsDataNodeHome,Log,no_match
DfsDataNodeHome,LogFactory,no_match
DfsFsNameSystemHome,DfsFsNameSystem,no_match
DfsFsNameSystemHome,DatabaseWriter,no_match
DfsFsNameSystemHome,RestHome,no_match
DfsFsNameSystemHome,Log,no_match
DfsFsNameSystemHome,LogFactory,no_match
DfsNameNodeHome,DfsNameNode,no_match
DfsNameNodeHome,DatabaseWriter,no_match
DfsNameNodeHome,RestHome,no_match
DfsNameNodeHome,Log,no_match
DfsNameNodeHome,LogFactory,no_match
DfsThroughputHome,DfsThroughput,no_match
DfsThroughputHome,DatabaseWriter,no_match
DfsThroughputHome,RestHome,no_match
DfsThroughputHome,Log,no_match
DfsThroughputHome,LogFactory,no_match
DiskHome,Disk,no_match
DiskHome,DatabaseWriter,no_match
DiskHome,RestHome,no_match
DiskHome,Log,no_match
DiskHome,LogFactory,no_match
HadoopJvmHome,HadoopJvm,no_match
HadoopJvmHome,DatabaseWriter,no_match
HadoopJvmHome,RestHome,no_match
HadoopJvmHome,Log,no_match
HadoopJvmHome,LogFactory,no_match
HadoopRpcHome,HadoopRpc,no_match
HadoopRpcHome,DatabaseWriter,no_match
HadoopRpcHome,RestHome,no_match
HadoopRpcHome,Log,no_match
HadoopRpcHome,LogFactory,no_match
MrJobConfHome,MrJobConf,no_match
MrJobConfHome,DatabaseWriter,no_match
MrJobConfHome,RestHome,no_match
MrJobConfHome,Log,no_match
MrJobConfHome,LogFactory,no_match
MrJobHome,MrJob,no_match
MrJobHome,DatabaseWriter,no_match
MrJobHome,RestHome,no_match
MrJobHome,Log,no_match
MrJobHome,LogFactory,no_match
MrTaskHome,MrTask,no_match
MrTaskHome,DatabaseWriter,no_match
MrTaskHome,RestHome,no_match
MrTaskHome,Log,no_match
MrTaskHome,LogFactory,no_match
RestHome,ClusterConfig,adaptor
RestHome,Macro,adaptor
RestHome,Log,adaptor
RestHome,LogFactory,adaptor
SystemMetricsHome,SystemMetrics,no_match
SystemMetricsHome,DatabaseWriter,no_match
SystemMetricsHome,RestHome,no_match
SystemMetricsHome,Log,no_match
SystemMetricsHome,LogFactory,no_match
BackfillingLoader,QueueToWriterConnector,no_match
BackfillingLoader,ChukwaConfiguration,no_match
BackfillingLoader,Logger,no_match
BackfillingLoader,Configuration,no_match
BackfillingLoader,ChunkQueue,no_match
BackfillingLoader,Connector,no_match
BackfillingLoader,Adaptor,no_match
BackfillingLoader,AdaptorException,no_match
BackfillingLoader,DataFactory,no_match
BackfillingLoader,ChunkImpl,no_match
BackfillingLoader,AdaptorFactory,no_match
BackfillingLoader,AdaptorManager,no_match
BackfillingLoader,AdaptorShutdownPolicy,no_match
BackfillingLoader,ChunkReceiver,no_match
QueueToWriterConnector,SeqFileWriter,no_match
QueueToWriterConnector,ChukwaWriter,no_match
QueueToWriterConnector,Chunk,no_match
QueueToWriterConnector,Connector,no_match
QueueToWriterConnector,Logger,no_match
QueueToWriterConnector,Configuration,no_match
QueueToWriterConnector,ChunkQueue,no_match
QueueToWriterConnector,ChukwaAgent,no_match
QueueToWriterConnector,DataFactory,no_match
QueueToWriterConnector,DaemonWatcher,no_match
QueueToWriterConnector,ChukwaWriter$CommitStatus,no_match
QueueToWriterConnector,Adaptor,no_match
ConstRateAdaptor,ChunkImpl,adaptor
ConstRateAdaptor,AbstractAdaptor,adaptor
ConstRateAdaptor,Configuration,adaptor
ConstRateAdaptor,AdaptorException,adaptor
ConstRateAdaptor,AdaptorShutdownPolicy,adaptor
ConstRateAdaptor,Chunk,adaptor
ConstRateAdaptor,AdaptorManager,adaptor
ConstRateAdaptor,ChunkReceiver,adaptor
ConstRateAdaptor,Adaptor,adaptor
ConstRateValidator,Configuration,no_match
ConstRateValidator,GenericOptionsParser,no_match
ConstRateValidator,Job,no_match
ConstRateValidator,SequenceFileInputFormat,no_match
ConstRateValidator,ConstRateValidator$MapClass,no_match
ConstRateValidator,ConstRateValidator$ByteRange,no_match
ConstRateValidator,NullWritable,no_match
ConstRateValidator,ConstRateValidator$ReduceClass,no_match
ConstRateValidator,TextOutputFormat,no_match
ConstRateValidator,Path,no_match
ConstRateValidator,Configured,no_match
ConstRateValidator,Tool,no_match
ConstRateValidator,ConstRateValidator$ValidatorSM,no_match
ConstRateValidator,ToolRunner,no_match
ConstRateValidator,FileInputFormat,no_match
ConstRateValidator,FileOutputFormat,no_match
ConstRateValidator$ByteRange,WritableComparable,no_match
ConstRateValidator$ByteRange,ChunkImpl,no_match
ConstRateValidator$ByteRange,ConstRateValidator,no_match
ConstRateValidator$MapClass,ConstRateValidator$ByteRange,no_match
ConstRateValidator$MapClass,FileSplit,no_match
ConstRateValidator$MapClass,ChukwaArchiveKey,no_match
ConstRateValidator$MapClass,ChunkImpl,no_match
ConstRateValidator$MapClass,Mapper,no_match
ConstRateValidator$MapClass,Mapper$Context,no_match
ConstRateValidator$MapClass,InputSplit,no_match
ConstRateValidator$MapClass,NullWritable,no_match
ConstRateValidator$MapClass,ConstRateAdaptor,no_match
ConstRateValidator$MapClass,ConstRateValidator,no_match
ConstRateValidator$MapClass,Path,no_match
ConstRateValidator$MapClass,Counter,no_match
ConstRateValidator$MapClass,Chunk,no_match
ConstRateValidator$ReduceClass,ConstRateValidator$ValidatorSM,no_match
ConstRateValidator$ReduceClass,Text,no_match
ConstRateValidator$ReduceClass,ConstRateValidator$ByteRange,no_match
ConstRateValidator$ReduceClass,Reducer,no_match
ConstRateValidator$ReduceClass,Reducer$Context,no_match
ConstRateValidator$ReduceClass,NullWritable,no_match
ConstRateValidator$ReduceClass,ConstRateValidator,no_match
ConstRateValidator$ReduceClass,Counter,no_match
ConstRateValidator$ValidatorSM,ConstRateValidator$ByteRange,no_match
ConstRateValidator$ValidatorSM,ConstRateValidator,no_match
CreateRecordFile,CreateRecordFile$MockOutputCollector,io
CreateRecordFile,TsProcessor,io
CreateRecordFile,Configuration,io
CreateRecordFile,ChukwaRecordKey,io
CreateRecordFile,ChukwaRecord,io
CreateRecordFile,ChunkImpl,io
CreateRecordFile,ChukwaArchiveKey,io
CreateRecordFile,Path,io
CreateRecordFile,MapProcessor,io
CreateRecordFile,TempFileUtil,io
CreateRecordFile,CreateRecordFile$1,io
CreateRecordFile,FileSystem,io
CreateRecordFile,FSDataOutputStream,io
CreateRecordFile,SequenceFile$Writer,io
CreateRecordFile,SequenceFile$CompressionType,io
CreateRecordFile,SequenceFile,io
CreateRecordFile,CompressionCodec,io
CreateRecordFile,Adaptor,io
CreateRecordFile,Chunk,io
CreateRecordFile,OutputCollector,io
CreateRecordFile,Reporter,io
CreateRecordFile,Writable,io
CreateRecordFile$1,CreateRecordFile,no_match
CreateRecordFile$MockOutputCollector,ChukwaRecordKey,no_match
CreateRecordFile$MockOutputCollector,ChukwaRecord,no_match
CreateRecordFile$MockOutputCollector,OutputCollector,no_match
CreateRecordFile$MockOutputCollector,CreateRecordFile$1,no_match
CreateRecordFile$MockOutputCollector,CreateRecordFile,no_match
DaemonWatcher,PidFile,no_match
DatabaseWriter,DataConfig,no_match
DatabaseWriter,ClusterConfig,no_match
DatabaseWriter,Log,no_match
DatabaseWriter,DriverManagerUtil,no_match
DatabaseWriter,LogFactory,no_match
DriverManagerUtil,DriverManagerUtil$ConnectionInfo,no_match
DriverManagerUtil$ConnectionInfo,DriverManagerUtil,no_match
DumpArchive,ChukwaConfiguration,no_match
DumpArchive,Path,no_match
DumpArchive,SequenceFile$Reader,no_match
DumpArchive,ChukwaArchiveKey,no_match
DumpArchive,FileSystem,no_match
DumpArchive,Configuration,no_match
DumpArchive,ChunkImpl,no_match
DumpArchive,FileUtil,no_match
DumpArchive,SequenceFile,no_match
DumpArchive,LocalFileSystem,no_match
DumpArchive,FileStatus,no_match
DumpArchive,Writable,no_match
DumpChunks,ChukwaConfiguration,adaptor
DumpChunks,Filter,adaptor
DumpChunks,Path,adaptor
DumpChunks,DumpChunks$DumpAndSummarize,adaptor
DumpChunks,DumpChunks$DumpNoSort,adaptor
DumpChunks,SequenceFile$Reader,adaptor
DumpChunks,ChukwaArchiveKey,adaptor
DumpChunks,ChunkImpl,adaptor
DumpChunks,Configuration,adaptor
DumpChunks,FileSystem,adaptor
DumpChunks,FileUtil,adaptor
DumpChunks,SequenceFile,adaptor
DumpChunks,LocalFileSystem,adaptor
DumpChunks,FileStatus,adaptor
DumpChunks,Writable,adaptor
DumpChunks,Chunk,adaptor
DumpChunks$DumpAndSummarize,DumpChunks,no_match
DumpChunks$DumpAndSummarize,ChunkImpl,no_match
DumpChunks$DumpNoSort,DumpChunks,no_match
DumpChunks$DumpNoSort,ChunkImpl,no_match
DumpRecord,ChukwaConfiguration,no_match
DumpRecord,SequenceFile$Reader,no_match
DumpRecord,Path,no_match
DumpRecord,ChukwaRecordKey,no_match
DumpRecord,ChukwaRecord,no_match
DumpRecord,FileSystem,no_match
DumpRecord,SequenceFile,no_match
DumpRecord,Configuration,no_match
DumpRecord,Writable,no_match
Filter,Filter$SearchRule,no_match
Filter,Filter$MatchAll,no_match
Filter,Chunk,no_match
Filter,ArrayUtils,no_match
Filter$MatchAll,Filter,no_match
Filter$MatchAll,Chunk,no_match
Filter$SearchRule,Filter,no_match
Filter$SearchRule,Chunk,no_match
Filter$SearchRule,RecordUtil,no_match
MaxRateSender,ChunkImpl,adaptor
MaxRateSender,Adaptor,adaptor
MaxRateSender,ChunkReceiver,adaptor
MaxRateSender,AdaptorException,adaptor
MaxRateSender,AdaptorManager,adaptor
MaxRateSender,AdaptorShutdownPolicy,adaptor
MaxRateSender,Chunk,adaptor
NagiosHelper,Nsca,no_match
NagiosHelper,Logger,no_match
PidFile,Log,io
PidFile,LogFactory,io
TempFileUtil,ChukwaArchiveKey,io
TempFileUtil,ChunkImpl,io
TempFileUtil,TempFileUtil$RandSeqFileWriter,io
TempFileUtil,Configuration,io
TempFileUtil,FileSystem,io
TempFileUtil,Path,io
TempFileUtil,FSDataOutputStream,io
TempFileUtil,SequenceFile$Writer,io
TempFileUtil,SequenceFile$CompressionType,io
TempFileUtil,SequenceFile,io
TempFileUtil,CompressionCodec,io
TempFileUtil,Writable,io
TempFileUtil$RandSeqFileWriter,ChunkImpl,no_match
TempFileUtil$RandSeqFileWriter,TempFileUtil,no_match
TempFileUtil$RandSeqFileWriter,Adaptor,no_match
WatchDog,DatabaseConfig,no_match
WatchDog,DatabaseWriter,no_match
WatchDog,Log,no_match
WatchDog,LogFactory,no_match
XssFilter,HTMLInputFilter,no_match
XssFilter,Log,no_match
XssFilter,LogFactory,no_match
ChukwaJobTrackerInstrumentation,ChukwaAgentController,no_match
ChukwaJobTrackerInstrumentation,JobTrackerInstrumentation,no_match
ChukwaJobTrackerInstrumentation,JobTrackerMetricsInst,no_match
ChukwaJobTrackerInstrumentation,JobTracker,no_match
ChukwaJobTrackerInstrumentation,Log,no_match
ChukwaJobTrackerInstrumentation,JobID,no_match
ChukwaJobTrackerInstrumentation,JobConf,no_match
ChukwaJobTrackerInstrumentation,Path,no_match
ChukwaJobTrackerInstrumentation,TaskAttemptID,no_match
ChukwaJobTrackerInstrumentation,MetricsContext,no_match
ChukwaJobTrackerInstrumentation,JobHistory$JobInfo,no_match
ChukwaJobTrackerInstrumentation,LogFactory,no_match
ChukwaJobTrackerInstrumentation,JobHistory,no_match
ChukwaJobTrackerInstrumentation,ChukwaAgentController$Adaptor,no_match
AbstractMetricsContext,AbstractMetricsContext$RecordMap,adaptor
AbstractMetricsContext,MetricsRecordImpl,adaptor
AbstractMetricsContext,AbstractMetricsContext$1,adaptor
AbstractMetricsContext,Updater,adaptor
AbstractMetricsContext,OutputRecord,adaptor
AbstractMetricsContext,AbstractMetricsContext$TagMap,adaptor
AbstractMetricsContext,AbstractMetricsContext$MetricMap,adaptor
AbstractMetricsContext,MetricValue,adaptor
AbstractMetricsContext,MetricsException,adaptor
AbstractMetricsContext,MetricsContext,adaptor
AbstractMetricsContext,ContextFactory,adaptor
AbstractMetricsContext,MetricsRecord,adaptor
AbstractMetricsContext$1,AbstractMetricsContext,no_match
AbstractMetricsContext$MetricMap,AbstractMetricsContext,no_match
AbstractMetricsContext$RecordMap,AbstractMetricsContext$TagMap,no_match
AbstractMetricsContext$RecordMap,AbstractMetricsContext$MetricMap,no_match
AbstractMetricsContext$RecordMap,AbstractMetricsContext,no_match
AbstractMetricsContext$TagMap,AbstractMetricsContext,no_match
